year,state,party,two_party_pct
1976,AK,DEMOCRAT,0.2899860917941586
1976,AK,REPUBLICAN,0.7100139082058414
1976,AL,DEMOCRAT,0.7179309478713722
1976,AL,REPUBLICAN,0.39489667298007886
1976,AR,DEMOCRAT,0.8508034659181062
1976,AR,REPUBLICAN,0.48252986741522713
1976,AZ,DEMOCRAT,0.5095977920622267
1976,AZ,REPUBLICAN,0.49040220793777334
1976,CA,DEMOCRAT,0.5900554750338338
1976,CA,REPUBLICAN,0.41970510889393203
1976,CO,DEMOCRAT,0.45768972932672797
1976,CO,REPUBLICAN,0.5423102706732721
1976,CT,DEMOCRAT,0.5109380548689085
1976,CT,REPUBLICAN,0.4890619451310914
1976,DE,DEMOCRAT,0.48069674766600795
1976,DE,REPUBLICAN,0.519303252333992
1976,FL,DEMOCRAT,0.6760028938149656
1976,FL,REPUBLICAN,0.4418142357068651
1976,GA,DEMOCRAT,0.7791805137735539
1976,GA,REPUBLICAN,0.3154564088949231
1976,HI,DEMOCRAT,0.6830689997532733
1976,HI,REPUBLICAN,0.31693100024672677
1976,IA,DEMOCRAT,0.5748826003799777
1976,IA,REPUBLICAN,0.4251173996200223
1976,ID,DEMOCRAT,0.47405228246682807
1976,ID,REPUBLICAN,0.5259477175331719
1976,IL,DEMOCRAT,0.5371114006683564
1976,IL,REPUBLICAN,0.4628885993316436
1976,IN,DEMOCRAT,0.572689068279938
1976,IN,REPUBLICAN,0.4700420248920681
1976,KS,DEMOCRAT,0.3930501327788628
1976,KS,REPUBLICAN,0.6069498672211371
1976,KY,DEMOCRAT,0.6353219813757459
1976,KY,REPUBLICAN,0.3646780186242541
1976,LA,DEMOCRAT,0.6703068457165383
1976,LA,REPUBLICAN,0.3767921763239562
1976,MA,DEMOCRAT,0.7221435936448614
1976,MA,REPUBLICAN,0.4056420469906524
1976,MD,DEMOCRAT,0.6412496919299155
1976,MD,REPUBLICAN,0.3587503080700844
1976,ME,DEMOCRAT,0.31467437346323013
1976,ME,REPUBLICAN,0.6853256265367699
1976,MI,DEMOCRAT,0.5820812232906658
1976,MI,REPUBLICAN,0.41791877670933414
1976,MN,DEMOCRAT,0.5976295541917235
1976,MN,REPUBLICAN,0.4598519380666018
1976,MO,DEMOCRAT,0.5826034172539002
1976,MO,REPUBLICAN,0.4173965827460998
1976,MS,DEMOCRAT,0.623326632574955
1976,MS,REPUBLICAN,0.4708417092813062
1976,MT,DEMOCRAT,0.5574542824306584
1976,MT,REPUBLICAN,0.4425457175693416
1976,NC,DEMOCRAT,0.6771171011316253
1976,NC,REPUBLICAN,0.35517118875521225
1976,ND,DEMOCRAT,0.36547474244692074
1976,ND,REPUBLICAN,0.6345252575530792
1976,NE,DEMOCRAT,0.3557046774222368
1976,NE,REPUBLICAN,0.6442953225777631
1976,NH,DEMOCRAT,0.5431021949090551
1976,NH,REPUBLICAN,0.45689780509094485
1976,NJ,DEMOCRAT,0.5707484905958611
1976,NJ,REPUBLICAN,0.4292515094041389
1976,NM,DEMOCRAT,0.48935114118643047
1976,NM,REPUBLICAN,0.5106488588135696
1976,NV,DEMOCRAT,0.8645632158095666
1976,NV,REPUBLICAN,0.13543678419043342
1976,NY,DEMOCRAT,0.6440779994464609
1976,NY,REPUBLICAN,0.3652883689891585
1976,OH,DEMOCRAT,0.4934026450768234
1976,OH,REPUBLICAN,0.5065973549231766
1976,OK,DEMOCRAT,0.6470261447069703
1976,OK,REPUBLICAN,0.35297385529302966
1976,OR,DEMOCRAT,0.6835772596748465
1976,OR,REPUBLICAN,0.3164227403251535
1976,PA,DEMOCRAT,0.5712365154772397
1976,PA,REPUBLICAN,0.45161294514184985
1976,RI,DEMOCRAT,0.7020980609172465
1976,RI,REPUBLICAN,0.29790193908275353
1976,SC,DEMOCRAT,0.6530069342010195
1976,SC,REPUBLICAN,0.4163916789587766
1976,SD,DEMOCRAT,0.24840568308159505
1976,SD,REPUBLICAN,0.751594316918405
1976,TN,DEMOCRAT,0.6630119593552486
1976,TN,REPUBLICAN,0.3851291893082873
1976,TX,DEMOCRAT,0.7129336364308518
1976,TX,REPUBLICAN,0.3801263181045204
1976,UT,DEMOCRAT,0.5136480306194433
1976,UT,REPUBLICAN,0.4863519693805568
1976,VA,DEMOCRAT,0.5306568429406742
1976,VA,REPUBLICAN,0.5214923967325844
1976,VT,DEMOCRAT,0.32601537961659266
1976,VT,REPUBLICAN,0.6739846203834073
1976,WA,DEMOCRAT,0.5916027077371613
1976,WA,REPUBLICAN,0.4083972922628387
1976,WI,DEMOCRAT,0.6272979852414304
1976,WI,REPUBLICAN,0.41928976660339085
1976,WV,DEMOCRAT,0.7586805207325857
1976,WV,REPUBLICAN,0.3217593056898856
1976,WY,DEMOCRAT,0.564444122527458
1976,WY,REPUBLICAN,0.43555587747254193
1978,AK,DEMOCRAT,0.4450143966706187
1978,AK,REPUBLICAN,0.5549856033293813
1978,AL,DEMOCRAT,0.7300173507220385
1978,AL,REPUBLICAN,0.37797570898914595
1978,AR,DEMOCRAT,0.6758060925118797
1978,AR,REPUBLICAN,0.6483878149762405
1978,AZ,DEMOCRAT,0.5062732847341748
1978,AZ,REPUBLICAN,0.49372671526582523
1978,CA,DEMOCRAT,0.5548068072153244
1978,CA,REPUBLICAN,0.46900271659419945
1978,CO,DEMOCRAT,0.48155430289505086
1978,CO,REPUBLICAN,0.5184456971049491
1978,CT,DEMOCRAT,0.5792289979770523
1978,CT,REPUBLICAN,0.42077100202294776
1978,DE,DEMOCRAT,0.41432239766978385
1978,DE,REPUBLICAN,0.5856776023302162
1978,FL,DEMOCRAT,0.7171661865309328
1978,FL,REPUBLICAN,0.450879398960631
1978,GA,DEMOCRAT,0.8454406922423094
1978,GA,REPUBLICAN,0.309118615515381
1978,HI,DEMOCRAT,0.8313063871445998
1978,HI,REPUBLICAN,0.1686936128554002
1978,IA,DEMOCRAT,0.4975364037361017
1978,IA,REPUBLICAN,0.5024635962638982
1978,ID,DEMOCRAT,0.4138508184194888
1978,ID,REPUBLICAN,0.5861491815805113
1978,IL,DEMOCRAT,0.5182549224012455
1978,IL,REPUBLICAN,0.5033390326988064
1978,IN,DEMOCRAT,0.5346770787823023
1978,IN,REPUBLICAN,0.46532292121769775
1978,KS,DEMOCRAT,0.5318733142980104
1978,KS,REPUBLICAN,0.6808760114211937
1978,KY,DEMOCRAT,0.6383718673145589
1978,KY,REPUBLICAN,0.5062793857596175
1978,LA,DEMOCRAT,0.9002032085561498
1978,LA,REPUBLICAN,0.8747459893048128
1978,MA,DEMOCRAT,0.7118946417840366
1978,MA,REPUBLICAN,0.28810535821596345
1978,MD,DEMOCRAT,0.684603411743851
1978,MD,REPUBLICAN,0.36045324372131315
1978,ME,DEMOCRAT,0.4068403931428751
1978,ME,REPUBLICAN,0.5931596068571249
1978,MI,DEMOCRAT,0.6007010908108579
1978,MI,REPUBLICAN,0.3992989091891421
1978,MN,DEMOCRAT,0.5205618647575739
1978,MN,REPUBLICAN,0.47943813524242607
1978,MO,DEMOCRAT,0.6354871413344274
1978,MO,REPUBLICAN,0.36451285866557254
1978,MS,DEMOCRAT,0.6403047270441115
1978,MS,REPUBLICAN,0.48775621836471095
1978,MT,DEMOCRAT,0.5022030792112488
1978,MT,REPUBLICAN,0.49779692078875115
1978,NC,DEMOCRAT,0.6608875801077284
1978,NC,REPUBLICAN,0.39919310899297417
1978,ND,DEMOCRAT,0.315285915597419
1978,ND,REPUBLICAN,0.6847140844025811
1978,NE,DEMOCRAT,0.38056619441377565
1978,NE,REPUBLICAN,0.6194338055862244
1978,NH,DEMOCRAT,0.473010496219454
1978,NH,REPUBLICAN,0.526989503780546
1978,NJ,DEMOCRAT,0.5750891348551129
1978,NJ,REPUBLICAN,0.42491086514488696
1978,NM,DEMOCRAT,0.6873609904891016
1978,NM,REPUBLICAN,0.6252780190217967
1978,NV,DEMOCRAT,0.7489233516825102
1978,NV,REPUBLICAN,0.2510766483174897
1978,NY,DEMOCRAT,0.6184411533081466
1978,NY,REPUBLICAN,0.4132737776307327
1978,OH,DEMOCRAT,0.5022742769897737
1978,OH,REPUBLICAN,0.5431802684647717
1978,OK,DEMOCRAT,0.6155785579112596
1978,OK,REPUBLICAN,0.4613057305064885
1978,OR,DEMOCRAT,0.6831449286689883
1978,OR,REPUBLICAN,0.31685507133101165
1978,PA,DEMOCRAT,0.5137668020518508
1978,PA,REPUBLICAN,0.48623319794814923
1978,RI,DEMOCRAT,0.5692618296468637
1978,RI,REPUBLICAN,0.43073817035313644
1978,SC,DEMOCRAT,0.6905759887410197
1978,SC,REPUBLICAN,0.3713088135107764
1978,SD,DEMOCRAT,0.4700541730110307
1978,SD,REPUBLICAN,0.5299458269889694
1978,TN,DEMOCRAT,0.5882160582027844
1978,TN,REPUBLICAN,0.47061021919681784
1978,TX,DEMOCRAT,0.6518545527839467
1978,TX,REPUBLICAN,0.3916237080856185
1978,UT,DEMOCRAT,0.4433262244261751
1978,UT,REPUBLICAN,0.5566737755738249
1978,VA,DEMOCRAT,0.5638758680737852
1978,VA,REPUBLICAN,0.6725409914981672
1978,VT,DEMOCRAT,0.20390463148284702
1978,VT,REPUBLICAN,0.796095368517153
1978,WA,DEMOCRAT,0.5341017997700466
1978,WA,REPUBLICAN,0.4658982002299535
1978,WI,DEMOCRAT,0.5423550769057999
1978,WI,REPUBLICAN,0.45764492309420013
1978,WV,DEMOCRAT,0.6948359131658912
1978,WV,REPUBLICAN,0.40688544911214514
1978,WY,DEMOCRAT,0.4136902231463088
1978,WY,REPUBLICAN,0.5863097768536911
1980,AK,DEMOCRAT,0.2592152508587049
1980,AK,REPUBLICAN,0.7407847491412951
1980,AL,DEMOCRAT,0.6533221333708733
1980,AL,REPUBLICAN,0.4044575110673145
1980,AR,DEMOCRAT,0.7366311532109394
1980,AR,REPUBLICAN,0.8950532701835909
1980,AZ,DEMOCRAT,0.4681366566206514
1980,AZ,REPUBLICAN,0.5318633433793486
1980,CA,DEMOCRAT,0.5011747469046308
1980,CA,REPUBLICAN,0.4988252530953691
1980,CO,DEMOCRAT,0.46168490001822543
1980,CO,REPUBLICAN,0.5383150999817745
1980,CT,DEMOCRAT,0.5173929628052293
1980,CT,REPUBLICAN,0.48260703719477077
1980,DE,DEMOCRAT,0.37767879145762523
1980,DE,REPUBLICAN,0.6223212085423748
1980,FL,DEMOCRAT,0.6237204825318757
1980,FL,REPUBLICAN,0.41786088297024926
1980,GA,DEMOCRAT,0.7489584271563685
1980,GA,REPUBLICAN,0.3138019660545393
1980,HI,DEMOCRAT,0.8655503199800394
1980,HI,REPUBLICAN,0.13444968001996058
1980,IA,DEMOCRAT,0.5130726974642439
1980,IA,REPUBLICAN,0.48692730253575617
1980,ID,DEMOCRAT,0.4373649154132616
1980,ID,REPUBLICAN,0.5626350845867385
1980,IL,DEMOCRAT,0.5014504763373518
1980,IL,REPUBLICAN,0.4985495236626481
1980,IN,DEMOCRAT,0.5018913375569654
1980,IN,REPUBLICAN,0.49810866244303464
1980,KS,DEMOCRAT,0.43811123557638004
1980,KS,REPUBLICAN,0.5618887644236199
1980,KY,DEMOCRAT,0.623918169377017
1980,KY,REPUBLICAN,0.5265145628721761
1980,LA,DEMOCRAT,0.6912226552981373
1980,LA,REPUBLICAN,0.6175546894037254
1980,MA,DEMOCRAT,0.6949300043954229
1980,MA,REPUBLICAN,0.4067599941394362
1980,MD,DEMOCRAT,0.6394692388460955
1980,MD,REPUBLICAN,0.3605307611539045
1980,ME,DEMOCRAT,0.2650281742468452
1980,ME,REPUBLICAN,0.7349718257531548
1980,MI,DEMOCRAT,0.5591686712114693
1980,MI,REPUBLICAN,0.44083132878853065
1980,MN,DEMOCRAT,0.48778965936805085
1980,MN,REPUBLICAN,0.5122103406319491
1980,MO,DEMOCRAT,0.5559715197040243
1980,MO,REPUBLICAN,0.44402848029597575
1980,MS,DEMOCRAT,0.6068872087156781
1980,MS,REPUBLICAN,0.49139098910540235
1980,MT,DEMOCRAT,0.5118172224775945
1980,MT,REPUBLICAN,0.48818277752240546
1980,NC,DEMOCRAT,0.582428091132832
1980,NC,REPUBLICAN,0.45932909975388475
1980,ND,DEMOCRAT,0.5716655675542
1980,ND,REPUBLICAN,0.4283344324458
1980,NE,DEMOCRAT,0.2752925942428408
1980,NE,REPUBLICAN,0.7247074057571593
1980,NH,DEMOCRAT,0.48326371529992906
1980,NH,REPUBLICAN,0.5167362847000709
1980,NJ,DEMOCRAT,0.5112967687308565
1980,NJ,REPUBLICAN,0.4887032312691435
1980,NM,DEMOCRAT,0.48104267244560583
1980,NM,REPUBLICAN,0.5189573275543942
1980,NV,DEMOCRAT,0.7232969728829894
1980,NV,REPUBLICAN,0.27670302711701056
1980,NY,DEMOCRAT,0.5726028892415604
1980,NY,REPUBLICAN,0.42739711075843967
1980,OH,DEMOCRAT,0.48152514445719596
1980,OH,REPUBLICAN,0.5678534132135472
1980,OK,DEMOCRAT,0.5950854606919879
1980,OK,REPUBLICAN,0.4858974471696145
1980,OR,DEMOCRAT,0.6051226037590907
1980,OR,REPUBLICAN,0.39487739624090934
1980,PA,DEMOCRAT,0.5265244100005724
1980,PA,REPUBLICAN,0.49453656639945054
1980,RI,DEMOCRAT,0.5615192805077294
1980,RI,REPUBLICAN,0.4384807194922707
1980,SC,DEMOCRAT,0.49289204000137193
1980,SC,REPUBLICAN,0.507107959998628
1980,SD,DEMOCRAT,0.5370513827428116
1980,SD,REPUBLICAN,0.46294861725718844
1980,TN,DEMOCRAT,0.6011081716238514
1980,TN,REPUBLICAN,0.5417489712332915
1980,TX,DEMOCRAT,0.6564643372721113
1980,TX,REPUBLICAN,0.41224279527346647
1980,UT,DEMOCRAT,0.3950116056851255
1980,UT,REPUBLICAN,0.6049883943148744
1980,VA,DEMOCRAT,0.4086092555599527
1980,VA,REPUBLICAN,0.7479028839467087
1980,VT,DEMOCRAT,0.1382881272621654
1980,VT,REPUBLICAN,0.8617118727378346
1980,WA,DEMOCRAT,0.5044907857899533
1980,WA,REPUBLICAN,0.4955092142100467
1980,WI,DEMOCRAT,0.5195689912925705
1980,WI,REPUBLICAN,0.4804310087074295
1980,WV,DEMOCRAT,0.5788863089079639
1980,WV,REPUBLICAN,0.42111369109203606
1980,WY,DEMOCRAT,0.31430945379760633
1980,WY,REPUBLICAN,0.6856905462023937
1982,AK,DEMOCRAT,0.28849321906980613
1982,AK,REPUBLICAN,0.7115067809301938
1982,AL,DEMOCRAT,0.736941338092757
1982,AL,REPUBLICAN,0.3069017722251169
1982,AR,DEMOCRAT,0.5264129239805101
1982,AR,REPUBLICAN,0.4735870760194899
1982,AZ,DEMOCRAT,0.4455830083844775
1982,AZ,REPUBLICAN,0.5544169916155225
1982,CA,DEMOCRAT,0.5283422875823587
1982,CA,REPUBLICAN,0.47165771241764126
1982,CO,DEMOCRAT,0.47685987002700553
1982,CO,REPUBLICAN,0.5231401299729945
1982,CT,DEMOCRAT,0.5421780854840246
1982,CT,REPUBLICAN,0.4578219145159754
1982,DE,DEMOCRAT,0.5306431287226824
1982,DE,REPUBLICAN,0.4693568712773176
1982,FL,DEMOCRAT,0.6553138185819036
1982,FL,REPUBLICAN,0.42378536856033727
1982,GA,DEMOCRAT,0.7688164907610077
1982,GA,REPUBLICAN,0.33026215605570336
1982,HI,DEMOCRAT,0.9173781409931726
1982,HI,REPUBLICAN,0.08262185900682742
1982,IA,DEMOCRAT,0.526489884268154
1982,IA,REPUBLICAN,0.473510115731846
1982,ID,DEMOCRAT,0.47018278761893867
1982,ID,REPUBLICAN,0.5298172123810614
1982,IL,DEMOCRAT,0.575898675031191
1982,IL,REPUBLICAN,0.424101324968809
1982,IN,DEMOCRAT,0.4945794202620526
1982,IN,REPUBLICAN,0.5054205797379474
1982,KS,DEMOCRAT,0.4680498052307961
1982,KS,REPUBLICAN,0.5319501947692039
1982,KY,DEMOCRAT,0.6323250383563679
1982,KY,REPUBLICAN,0.4289541219175707
1982,LA,DEMOCRAT,1.0
1982,LA,REPUBLICAN,1.0
1982,MA,DEMOCRAT,0.7612819509835351
1982,MA,REPUBLICAN,0.376353387796072
1982,MD,DEMOCRAT,0.6851963157952584
1982,MD,REPUBLICAN,0.31480368420474153
1982,ME,DEMOCRAT,0.410626476496854
1982,ME,REPUBLICAN,0.589373523503146
1982,MI,DEMOCRAT,0.6226362813954069
1982,MI,REPUBLICAN,0.37736371860459317
1982,MN,DEMOCRAT,0.5543414843699619
1982,MN,REPUBLICAN,0.44565851563003817
1982,MO,DEMOCRAT,0.5735704059917627
1982,MO,REPUBLICAN,0.42642959400823727
1982,MS,DEMOCRAT,0.5758547957336024
1982,MS,REPUBLICAN,0.4241452042663976
1982,MT,DEMOCRAT,0.5337101853742152
1982,MT,REPUBLICAN,0.4662898146257848
1982,NC,DEMOCRAT,0.5554118161032905
1982,NC,REPUBLICAN,0.4445881838967095
1982,ND,DEMOCRAT,0.7208347019611632
1982,ND,REPUBLICAN,0.27916529803883683
1982,NE,DEMOCRAT,0.3405121777429247
1982,NE,REPUBLICAN,0.7729918815047169
1982,NH,DEMOCRAT,0.4218541812000702
1982,NH,REPUBLICAN,0.5781458187999299
1982,NJ,DEMOCRAT,0.5866824305435341
1982,NJ,REPUBLICAN,0.41331756945646597
1982,NM,DEMOCRAT,0.5124398770209392
1982,NM,REPUBLICAN,0.4875601229790609
1982,NV,DEMOCRAT,0.5011166346400865
1982,NV,REPUBLICAN,0.4988833653599135
1982,NY,DEMOCRAT,0.618637096145745
1982,NY,REPUBLICAN,0.381362903854255
1982,OH,DEMOCRAT,0.557879758626776
1982,OH,REPUBLICAN,0.4642262534418853
1982,OK,DEMOCRAT,0.6330716346889355
1982,OK,REPUBLICAN,0.3669283653110645
1982,OR,DEMOCRAT,0.5688226474134831
1982,OR,REPUBLICAN,0.4311773525865169
1982,PA,DEMOCRAT,0.5260432760305662
1982,PA,REPUBLICAN,0.4739567239694337
1982,RI,DEMOCRAT,0.528591737345781
1982,RI,REPUBLICAN,0.471408262654219
1982,SC,DEMOCRAT,0.5565301259273211
1982,SC,REPUBLICAN,0.44346987407267885
1982,SD,DEMOCRAT,0.5155848678768883
1982,SD,REPUBLICAN,0.48441513212311177
1982,TN,DEMOCRAT,0.6631658688317341
1982,TN,REPUBLICAN,0.4618341311682658
1982,TX,DEMOCRAT,0.6921244940106204
1982,TX,REPUBLICAN,0.33350974650829146
1982,UT,DEMOCRAT,0.3550242230979968
1982,UT,REPUBLICAN,0.6449757769020031
1982,VA,DEMOCRAT,0.5274037322336967
1982,VA,REPUBLICAN,0.5837073788774144
1982,VT,DEMOCRAT,0.25114272036304736
1982,VT,REPUBLICAN,0.7488572796369527
1982,WA,DEMOCRAT,0.5334079625972029
1982,WA,REPUBLICAN,0.4665920374027971
1982,WI,DEMOCRAT,0.5905599129094565
1982,WI,REPUBLICAN,0.4750578551915942
1982,WV,DEMOCRAT,0.6396839358583679
1982,WV,REPUBLICAN,0.36031606414163214
1982,WY,DEMOCRAT,0.28906245095023136
1982,WY,REPUBLICAN,0.7109375490497687
1984,AK,DEMOCRAT,0.4310488193393911
1984,AK,REPUBLICAN,0.5689511806606089
1984,AL,DEMOCRAT,0.7668703599471204
1984,AL,REPUBLICAN,0.2719845800616928
1984,AR,DEMOCRAT,0.8275928066483659
1984,AR,REPUBLICAN,0.37930539501372557
1984,AZ,DEMOCRAT,0.3704961003587931
1984,AZ,REPUBLICAN,0.6295038996412069
1984,CA,DEMOCRAT,0.5219931382402685
1984,CA,REPUBLICAN,0.4888706540724526
1984,CO,DEMOCRAT,0.36520736531166137
1984,CO,REPUBLICAN,0.6347926346883387
1984,CT,DEMOCRAT,0.4674214347495731
1984,CT,REPUBLICAN,0.5325785652504269
1984,DE,DEMOCRAT,0.5853246539222149
1984,DE,REPUBLICAN,0.4146753460777851
1984,FL,DEMOCRAT,0.6459517838936132
1984,FL,REPUBLICAN,0.5776514305134792
1984,GA,DEMOCRAT,0.7633919532169919
1984,GA,REPUBLICAN,0.23660804678300812
1984,HI,DEMOCRAT,0.8484094058621826
1984,HI,REPUBLICAN,0.1515905941378174
1984,IA,DEMOCRAT,0.46760161529235705
1984,IA,REPUBLICAN,0.532398384707643
1984,ID,DEMOCRAT,0.4070427455910546
1984,ID,REPUBLICAN,0.5929572544089454
1984,IL,DEMOCRAT,0.5253001975459909
1984,IL,REPUBLICAN,0.47469980245400917
1984,IN,DEMOCRAT,0.47584108311481826
1984,IN,REPUBLICAN,0.5241589168851817
1984,KS,DEMOCRAT,0.45233624920624116
1984,KS,REPUBLICAN,0.5476637507937587
1984,KY,DEMOCRAT,0.5750780010387688
1984,KY,REPUBLICAN,0.49574233212143626
1984,LA,DEMOCRAT,1.0
1984,LA,REPUBLICAN,1.0
1984,MA,DEMOCRAT,0.7112484238087
1984,MA,REPUBLICAN,0.2887515761913
1984,MD,DEMOCRAT,0.6490346186004309
1984,MD,REPUBLICAN,0.3509653813995692
1984,ME,DEMOCRAT,0.29731481297589935
1984,ME,REPUBLICAN,0.7026851870241007
1984,MI,DEMOCRAT,0.568521756581241
1984,MI,REPUBLICAN,0.431478243418759
1984,MN,DEMOCRAT,0.5485022503075239
1984,MN,REPUBLICAN,0.45149774969247614
1984,MO,DEMOCRAT,0.5643115758221946
1984,MO,REPUBLICAN,0.4901494772000311
1984,MS,DEMOCRAT,0.6162353664803415
1984,MS,REPUBLICAN,0.4797057918995731
1984,MT,DEMOCRAT,0.5067293767119534
1984,MT,REPUBLICAN,0.49327062328804666
1984,NC,DEMOCRAT,0.5309024753443286
1984,NC,REPUBLICAN,0.4690975246556714
1984,ND,DEMOCRAT,0.7869944190536037
1984,ND,REPUBLICAN,0.21300558094639635
1984,NE,DEMOCRAT,0.2588525709148896
1984,NE,REPUBLICAN,0.7411474290851103
1984,NH,DEMOCRAT,0.32045992623589936
1984,NH,REPUBLICAN,0.6795400737641006
1984,NJ,DEMOCRAT,0.5228541410770949
1984,NJ,REPUBLICAN,0.47714585892290506
1984,NM,DEMOCRAT,0.4057576503566141
1984,NM,REPUBLICAN,0.5942423496433858
1984,NV,DEMOCRAT,0.4176173968581818
1984,NV,REPUBLICAN,0.5823826031418182
1984,NY,DEMOCRAT,0.5583545072743635
1984,NY,REPUBLICAN,0.44164549272563647
1984,OH,DEMOCRAT,0.5080637868563863
1984,OH,REPUBLICAN,0.5165330238007944
1984,OK,DEMOCRAT,0.5832397124030672
1984,OK,REPUBLICAN,0.4167602875969328
1984,OR,DEMOCRAT,0.544228014484691
1984,OR,REPUBLICAN,0.455771985515309
1984,PA,DEMOCRAT,0.5393558864066358
1984,PA,REPUBLICAN,0.4815824823930626
1984,RI,DEMOCRAT,0.5045100112406229
1984,RI,REPUBLICAN,0.4954899887593771
1984,SC,DEMOCRAT,0.5436591968868286
1984,SC,REPUBLICAN,0.45634080311317143
1984,SD,DEMOCRAT,0.5736507896351297
1984,SD,REPUBLICAN,0.4263492103648702
1984,TN,DEMOCRAT,0.538465852899654
1984,TN,REPUBLICAN,0.46153414710034596
1984,TX,DEMOCRAT,0.6483764400682676
1984,TX,REPUBLICAN,0.47469180590783877
1984,UT,DEMOCRAT,0.3445176475910441
1984,UT,REPUBLICAN,0.6554823524089559
1984,VA,DEMOCRAT,0.48309158647481176
1984,VA,REPUBLICAN,0.5169084135251882
1984,VT,DEMOCRAT,0.2896561652710128
1984,VT,REPUBLICAN,0.7103438347289872
1984,WA,DEMOCRAT,0.5554608967210406
1984,WA,REPUBLICAN,0.4445391032789594
1984,WI,DEMOCRAT,0.5105906858103746
1984,WI,REPUBLICAN,0.4894093141896254
1984,WV,DEMOCRAT,0.6124931914955583
1984,WV,REPUBLICAN,0.3875068085044417
1984,WY,DEMOCRAT,0.24909963007425676
1984,WY,REPUBLICAN,0.7509003699257433
1986,AK,DEMOCRAT,0.4211097968746446
1986,AK,REPUBLICAN,0.5788902031253554
1986,AL,DEMOCRAT,0.67154787474102
1986,AL,REPUBLICAN,0.4243875359362686
1986,AR,DEMOCRAT,0.6088738831515056
1986,AR,REPUBLICAN,0.3911261168484944
1986,AZ,DEMOCRAT,0.4378341969101902
1986,AZ,REPUBLICAN,0.6497326424718478
1986,CA,DEMOCRAT,0.5460353470571241
1986,CA,REPUBLICAN,0.45396465294287586
1986,CO,DEMOCRAT,0.44359555176893223
1986,CO,REPUBLICAN,0.5564044482310678
1986,CT,DEMOCRAT,0.5548780381454966
1986,CT,REPUBLICAN,0.4451219618545033
1986,DE,DEMOCRAT,0.6642038996240273
1986,DE,REPUBLICAN,0.33579610037597274
1986,FL,DEMOCRAT,0.7170991994120471
1986,FL,REPUBLICAN,0.5888222863442352
1986,GA,DEMOCRAT,0.7825799968264956
1986,GA,REPUBLICAN,0.36236667195584066
1986,HI,DEMOCRAT,0.58265380736268
1986,HI,REPUBLICAN,0.41734619263732
1986,IA,DEMOCRAT,0.4751527213622824
1986,IA,REPUBLICAN,0.5248472786377175
1986,ID,DEMOCRAT,0.4374130433262572
1986,ID,REPUBLICAN,0.5625869566737428
1986,IL,DEMOCRAT,0.560816067261946
1986,IL,REPUBLICAN,0.4646755721590515
1986,IN,DEMOCRAT,0.5153009503552354
1986,IN,REPUBLICAN,0.48469904964476473
1986,KS,DEMOCRAT,0.46887293522667917
1986,KS,REPUBLICAN,0.6249016518186566
1986,KY,DEMOCRAT,0.7055643290889084
1986,KY,REPUBLICAN,0.55332280509331
1986,LA,DEMOCRAT,0.9144019282916541
1986,LA,REPUBLICAN,0.8378628100833584
1986,MA,DEMOCRAT,0.7052444563568949
1986,MA,REPUBLICAN,0.294755543643105
1986,MD,DEMOCRAT,0.6567586962361148
1986,MD,REPUBLICAN,0.34324130376388523
1986,ME,DEMOCRAT,0.3876504118363845
1986,ME,REPUBLICAN,0.6123495881636155
1986,MI,DEMOCRAT,0.5948176577532179
1986,MI,REPUBLICAN,0.40518234224678207
1986,MN,DEMOCRAT,0.6069774831981641
1986,MN,REPUBLICAN,0.39302251680183586
1986,MO,DEMOCRAT,0.5960163673561435
1986,MO,REPUBLICAN,0.4544815867243386
1986,MS,DEMOCRAT,0.6145884980747052
1986,MS,REPUBLICAN,0.4817643774066186
1986,MT,DEMOCRAT,0.5409987009600199
1986,MT,REPUBLICAN,0.4590012990399801
1986,NC,DEMOCRAT,0.5747916448506633
1986,NC,REPUBLICAN,0.42520835514933675
1986,ND,DEMOCRAT,0.7634961711862791
1986,ND,REPUBLICAN,0.2365038288137209
1986,NE,DEMOCRAT,0.3570606401217081
1986,NE,REPUBLICAN,0.6429393598782919
1986,NH,DEMOCRAT,0.34712077805981056
1986,NH,REPUBLICAN,0.6528792219401893
1986,NJ,DEMOCRAT,0.5505392084713007
1986,NJ,REPUBLICAN,0.4494607915286993
1986,NM,DEMOCRAT,0.45840169040358986
1986,NM,REPUBLICAN,0.5415983095964102
1986,NV,DEMOCRAT,0.48353919013402885
1986,NV,REPUBLICAN,0.5164608098659711
1986,NY,DEMOCRAT,0.620531859044117
1986,NY,REPUBLICAN,0.39771907798659234
1986,OH,DEMOCRAT,0.5282754397149894
1986,OH,REPUBLICAN,0.5217245602850107
1986,OK,DEMOCRAT,0.6680362749709287
1986,OK,REPUBLICAN,0.3983564700348856
1986,OR,DEMOCRAT,0.5622130466728934
1986,OR,REPUBLICAN,0.4377869533271066
1986,PA,DEMOCRAT,0.5634874601755079
1986,PA,REPUBLICAN,0.48196708527903753
1986,RI,DEMOCRAT,0.42937381538460173
1986,RI,REPUBLICAN,0.5706261846153982
1986,SC,DEMOCRAT,0.6506878345256087
1986,SC,REPUBLICAN,0.41917459856926953
1986,SD,DEMOCRAT,0.591813559848545
1986,SD,REPUBLICAN,0.408186440151455
1986,TN,DEMOCRAT,0.5962270296466634
1986,TN,REPUBLICAN,0.4542445916475036
1986,TX,DEMOCRAT,0.6359528021097497
1986,TX,REPUBLICAN,0.4914637171518379
1986,UT,DEMOCRAT,0.4572940723981313
1986,UT,REPUBLICAN,0.5427059276018688
1986,VA,DEMOCRAT,0.6202503863116283
1986,VA,REPUBLICAN,0.5522183153994181
1986,VT,DEMOCRAT,0.04211436404693784
1986,VT,REPUBLICAN,0.9578856359530622
1986,WA,DEMOCRAT,0.5945867864326702
1986,WA,REPUBLICAN,0.40541321356732984
1986,WI,DEMOCRAT,0.5416891748507529
1986,WI,REPUBLICAN,0.5892567751918892
1986,WV,DEMOCRAT,0.7640873504415264
1986,WV,REPUBLICAN,0.3145501994112981
1986,WY,DEMOCRAT,0.30528140587156655
1986,WY,REPUBLICAN,0.6947185941284335
1988,AK,DEMOCRAT,0.3734543527504728
1988,AK,REPUBLICAN,0.6265456472495272
1988,AL,DEMOCRAT,0.6263610657436705
1988,AL,REPUBLICAN,0.3736389342563295
1988,AR,DEMOCRAT,0.6949040311438108
1988,AR,REPUBLICAN,0.40679462514158554
1988,AZ,DEMOCRAT,0.35123705735727656
1988,AZ,REPUBLICAN,0.6487629426427235
1988,CA,DEMOCRAT,0.569103091775694
1988,CA,REPUBLICAN,0.44069001977485844
1988,CO,DEMOCRAT,0.49769589819581744
1988,CO,REPUBLICAN,0.5023041018041826
1988,CT,DEMOCRAT,0.49086545429825595
1988,CT,REPUBLICAN,0.5091345457017441
1988,DE,DEMOCRAT,0.6751664058469109
1988,DE,REPUBLICAN,0.3248335941530891
1988,FL,DEMOCRAT,0.64813564297254
1988,FL,REPUBLICAN,0.6164164080313829
1988,GA,DEMOCRAT,0.6999027333631751
1988,GA,REPUBLICAN,0.375121583296031
1988,HI,DEMOCRAT,0.6651852200874117
1988,HI,REPUBLICAN,0.3348147799125883
1988,IA,DEMOCRAT,0.4812409631561371
1988,IA,REPUBLICAN,0.5187590368438629
1988,ID,DEMOCRAT,0.4971891097364407
1988,ID,REPUBLICAN,0.5028108902635593
1988,IL,DEMOCRAT,0.5542566880019789
1988,IL,REPUBLICAN,0.46696918399792686
1988,IN,DEMOCRAT,0.5285757172012742
1988,IN,REPUBLICAN,0.4714242827987258
1988,KS,DEMOCRAT,0.4837665489709989
1988,KS,REPUBLICAN,0.6129867608232009
1988,KY,DEMOCRAT,0.5597911568264512
1988,KY,REPUBLICAN,0.5201790084344704
1988,LA,DEMOCRAT,0.8864861697712458
1988,LA,REPUBLICAN,0.8918922877859428
1988,MA,DEMOCRAT,0.7720095725790692
1988,MA,REPUBLICAN,0.22799042742093087
1988,MD,DEMOCRAT,0.6392430911457668
1988,MD,REPUBLICAN,0.41229361011912363
1988,ME,DEMOCRAT,0.4850414390650495
1988,ME,REPUBLICAN,0.5149585609349505
1988,MI,DEMOCRAT,0.565392878313795
1988,MI,REPUBLICAN,0.43460712168620497
1988,MN,DEMOCRAT,0.5961176686999712
1988,MN,REPUBLICAN,0.4038823313000288
1988,MO,DEMOCRAT,0.5654323853613793
1988,MO,REPUBLICAN,0.4345676146386206
1988,MS,DEMOCRAT,0.6654942237438788
1988,MS,REPUBLICAN,0.33450577625612116
1988,MT,DEMOCRAT,0.5262458633179721
1988,MT,REPUBLICAN,0.4737541366820278
1988,NC,DEMOCRAT,0.5958835718388
1988,NC,REPUBLICAN,0.4939200788636888
1988,ND,DEMOCRAT,0.715627924513058
1988,ND,REPUBLICAN,0.28437207548694193
1988,NE,DEMOCRAT,0.3489505528170907
1988,NE,REPUBLICAN,0.6510494471829092
1988,NH,DEMOCRAT,0.4123790959269357
1988,NH,REPUBLICAN,0.5876209040730642
1988,NJ,DEMOCRAT,0.5321710144804337
1988,NJ,REPUBLICAN,0.5038158305595329
1988,NM,DEMOCRAT,0.6071517333255778
1988,NM,REPUBLICAN,0.5952321777829481
1988,NV,DEMOCRAT,0.5349947037545907
1988,NV,REPUBLICAN,0.4650052962454093
1988,NY,DEMOCRAT,0.6140097979780129
1988,NY,REPUBLICAN,0.45792255555751915
1988,OH,DEMOCRAT,0.5259372279035013
1988,OH,REPUBLICAN,0.49910740199666553
1988,OK,DEMOCRAT,0.6885920902784849
1988,OK,REPUBLICAN,0.46711186458227266
1988,OR,DEMOCRAT,0.6563140668251104
1988,OR,REPUBLICAN,0.3436859331748896
1988,PA,DEMOCRAT,0.5721642908757972
1988,PA,REPUBLICAN,0.523073804362298
1988,RI,DEMOCRAT,0.36121958227571677
1988,RI,REPUBLICAN,0.6387804177242833
1988,SC,DEMOCRAT,0.5588722097238582
1988,SC,REPUBLICAN,0.44112779027614185
1988,SD,DEMOCRAT,0.7173694199720437
1988,SD,REPUBLICAN,0.28263058002795627
1988,TN,DEMOCRAT,0.6236732401031957
1988,TN,REPUBLICAN,0.48384869129589125
1988,TX,DEMOCRAT,0.6676242066173423
1988,TX,REPUBLICAN,0.4382623012704137
1988,UT,DEMOCRAT,0.4336209742582027
1988,UT,REPUBLICAN,0.5663790257417973
1988,VA,DEMOCRAT,0.5524759385750151
1988,VA,REPUBLICAN,0.62002138793332
1988,VT,DEMOCRAT,0.4764213099919032
1988,VT,REPUBLICAN,0.5235786900080969
1988,WA,DEMOCRAT,0.5870951485761143
1988,WA,REPUBLICAN,0.47189125877015503
1988,WI,DEMOCRAT,0.526630347880249
1988,WI,REPUBLICAN,0.5325408586347199
1988,WV,DEMOCRAT,0.7754647799362582
1988,WV,REPUBLICAN,0.2993802934183224
1988,WY,DEMOCRAT,0.323238619143741
1988,WY,REPUBLICAN,0.6767613808562589
1990,AK,DEMOCRAT,0.4807898049087476
1990,AK,REPUBLICAN,0.5192101950912523
1990,AL,DEMOCRAT,0.7549054553518199
1990,AL,REPUBLICAN,0.4117612113148467
1990,AR,DEMOCRAT,0.5664735899172948
1990,AR,REPUBLICAN,0.4335264100827052
1990,AZ,DEMOCRAT,0.36666939387911984
1990,AZ,REPUBLICAN,0.6333306061208802
1990,CA,DEMOCRAT,0.5467991329191139
1990,CA,REPUBLICAN,0.4635008867872699
1990,CO,DEMOCRAT,0.5138935483499697
1990,CO,REPUBLICAN,0.48610645165003025
1990,CT,DEMOCRAT,0.466706032243184
1990,CT,REPUBLICAN,0.5332939677568159
1990,DE,DEMOCRAT,0.6670491248400847
1990,DE,REPUBLICAN,0.33295087515991534
1990,FL,DEMOCRAT,0.5815213865160691
1990,FL,REPUBLICAN,0.6032611438208352
1990,GA,DEMOCRAT,0.6280849242697014
1990,GA,REPUBLICAN,0.3719150757302986
1990,HI,DEMOCRAT,0.6458447015456805
1990,HI,REPUBLICAN,0.3541552984543195
1990,IA,DEMOCRAT,0.6193201868593529
1990,IA,REPUBLICAN,0.7258497664258088
1990,ID,DEMOCRAT,0.5831321653113862
1990,ID,REPUBLICAN,0.41686783468861377
1990,IL,DEMOCRAT,0.5757757705761841
1990,IL,REPUBLICAN,0.45039585535909693
1990,IN,DEMOCRAT,0.5591890288782609
1990,IN,REPUBLICAN,0.44081097112173906
1990,KS,DEMOCRAT,0.5031602023719683
1990,KS,REPUBLICAN,0.49683979762803165
1990,KY,DEMOCRAT,0.5899331222373019
1990,KY,REPUBLICAN,0.5786191984019273
1990,LA,DEMOCRAT,1.0
1990,LA,REPUBLICAN,1.0
1990,MA,DEMOCRAT,0.6134638267633069
1990,MA,REPUBLICAN,0.38653617323669315
1990,MD,DEMOCRAT,0.5645047650883764
1990,MD,REPUBLICAN,0.43549523491162356
1990,ME,DEMOCRAT,0.5458407541038268
1990,ME,REPUBLICAN,0.4541592458961732
1990,MI,DEMOCRAT,0.5849741333573406
1990,MI,REPUBLICAN,0.4394391529157571
1990,MN,DEMOCRAT,0.5977658044364699
1990,MN,REPUBLICAN,0.40223419556353013
1990,MO,DEMOCRAT,0.5420232399063063
1990,MO,REPUBLICAN,0.45797676009369354
1990,MS,DEMOCRAT,0.8218862340753731
1990,MS,REPUBLICAN,0.22264220740578375
1990,MT,DEMOCRAT,0.4908605102242972
1990,MT,REPUBLICAN,0.5091394897757028
1990,NC,DEMOCRAT,0.5413877328605698
1990,NC,REPUBLICAN,0.45861226713943015
1990,ND,DEMOCRAT,0.6519128275484778
1990,ND,REPUBLICAN,0.3480871724515222
1990,NE,DEMOCRAT,0.4739127346758254
1990,NE,REPUBLICAN,0.5260872653241746
1990,NH,DEMOCRAT,0.48722310000663954
1990,NH,REPUBLICAN,0.5127768999933604
1990,NJ,DEMOCRAT,0.5168667541332959
1990,NJ,REPUBLICAN,0.4831332458667041
1990,NM,DEMOCRAT,0.5212204752294529
1990,NM,REPUBLICAN,0.6525196831803647
1990,NV,DEMOCRAT,0.5032424334054364
1990,NV,REPUBLICAN,0.4967575665945637
1990,NY,DEMOCRAT,0.5884139578727283
1990,NY,REPUBLICAN,0.44188907243030195
1990,OH,DEMOCRAT,0.5417614535536056
1990,OH,REPUBLICAN,0.4811504737687141
1990,OK,DEMOCRAT,0.6161867059458244
1990,OK,REPUBLICAN,0.3838132940541756
1990,OR,DEMOCRAT,0.6427693244670802
1990,OR,REPUBLICAN,0.3572306755329199
1990,PA,DEMOCRAT,0.5781140708922663
1990,PA,REPUBLICAN,0.5724521238154184
1990,RI,DEMOCRAT,0.5202684930642889
1990,RI,REPUBLICAN,0.4797315069357111
1990,SC,DEMOCRAT,0.6083269728470885
1990,SC,REPUBLICAN,0.5875095407293673
1990,SD,DEMOCRAT,0.6755357600914115
1990,SD,REPUBLICAN,0.32446423990858847
1990,TN,DEMOCRAT,0.614666255600714
1990,TN,REPUBLICAN,0.510333744399286
1990,TX,DEMOCRAT,0.7019416338292181
1990,TX,REPUBLICAN,0.5713338116804202
1990,UT,DEMOCRAT,0.5544197391982176
1990,UT,REPUBLICAN,0.4455802608017824
1990,VA,DEMOCRAT,0.6518527052289341
1990,VA,REPUBLICAN,0.4351841184638322
1990,VT,DEMOCRAT,0.5862615983238552
1990,VT,REPUBLICAN,0.41373840167614484
1990,WA,DEMOCRAT,0.543937950093241
1990,WA,REPUBLICAN,0.456062049906759
1990,WI,DEMOCRAT,0.6213042680211244
1990,WI,REPUBLICAN,0.5813587654815162
1990,WV,DEMOCRAT,0.6864086743814781
1990,WV,REPUBLICAN,0.4181217674913625
1990,WY,DEMOCRAT,0.44906519882319446
1990,WY,REPUBLICAN,0.5509348011768055
1992,AK,DEMOCRAT,0.47789494321444076
1992,AK,REPUBLICAN,0.5221050567855593
1992,AL,DEMOCRAT,0.5894155216839599
1992,AL,REPUBLICAN,0.41058447831604
1992,AR,DEMOCRAT,0.6002743698921214
1992,AR,REPUBLICAN,0.39972563010787865
1992,AZ,DEMOCRAT,0.4603643446380444
1992,AZ,REPUBLICAN,0.5396356553619556
1992,CA,DEMOCRAT,0.5652655803474349
1992,CA,REPUBLICAN,0.4347344196525651
1992,CO,DEMOCRAT,0.47681887596718586
1992,CO,REPUBLICAN,0.5231811240328141
1992,CT,DEMOCRAT,0.4695876932175436
1992,CT,REPUBLICAN,0.5304123067824563
1992,DE,DEMOCRAT,0.4341665958005346
1992,DE,REPUBLICAN,0.5658334041994654
1992,FL,DEMOCRAT,0.4972231396201319
1992,FL,REPUBLICAN,0.5482314058344135
1992,GA,DEMOCRAT,0.55828836485911
1992,GA,REPUBLICAN,0.4417116351408899
1992,HI,DEMOCRAT,0.7615637111742253
1992,HI,REPUBLICAN,0.23843628882577472
1992,IA,DEMOCRAT,0.3867606267845115
1992,IA,REPUBLICAN,0.6132393732154886
1992,ID,DEMOCRAT,0.4879708392280443
1992,ID,REPUBLICAN,0.5120291607719557
1992,IL,DEMOCRAT,0.5699834898893029
1992,IL,REPUBLICAN,0.4300165101106971
1992,IN,DEMOCRAT,0.5533446017055876
1992,IN,REPUBLICAN,0.44665539829441236
1992,KS,DEMOCRAT,0.45583853371312233
1992,KS,REPUBLICAN,0.5441614662868777
1992,KY,DEMOCRAT,0.5322262283977451
1992,KY,REPUBLICAN,0.4677737716022548
1992,LA,DEMOCRAT,0.8739625585023401
1992,LA,REPUBLICAN,0.8767290691627666
1992,MA,DEMOCRAT,0.6394001509374648
1992,MA,REPUBLICAN,0.3605998490625351
1992,MD,DEMOCRAT,0.5545200495575987
1992,MD,REPUBLICAN,0.4454799504424013
1992,ME,DEMOCRAT,0.5555050613102445
1992,ME,REPUBLICAN,0.44449493868975554
1992,MI,DEMOCRAT,0.5115556933714621
1992,MI,REPUBLICAN,0.4884443066285379
1992,MN,DEMOCRAT,0.5611818730424782
1992,MN,REPUBLICAN,0.43881812695752176
1992,MO,DEMOCRAT,0.5518933080893236
1992,MO,REPUBLICAN,0.4481066919106764
1992,MS,DEMOCRAT,0.7122292057741884
1992,MS,REPUBLICAN,0.2877707942258116
1992,MT,DEMOCRAT,0.5179782394776254
1992,MT,REPUBLICAN,0.4820217605223746
1992,NC,DEMOCRAT,0.5259790064872714
1992,NC,REPUBLICAN,0.47402099351272864
1992,ND,DEMOCRAT,0.5903876671956473
1992,ND,REPUBLICAN,0.4096123328043528
1992,NE,DEMOCRAT,0.39938947151989596
1992,NE,REPUBLICAN,0.6006105284801041
1992,NH,DEMOCRAT,0.5386421271338313
1992,NH,REPUBLICAN,0.4613578728661687
1992,NJ,DEMOCRAT,0.49681322940887035
1992,NJ,REPUBLICAN,0.5031867705911297
1992,NM,DEMOCRAT,0.500503701043152
1992,NM,REPUBLICAN,0.49949629895684794
1992,NV,DEMOCRAT,0.5392999026872586
1992,NV,REPUBLICAN,0.4607000973127414
1992,NY,DEMOCRAT,0.5150956746928612
1992,NY,REPUBLICAN,0.48490432530713884
1992,OH,DEMOCRAT,0.5152837731991746
1992,OH,REPUBLICAN,0.5118364253902555
1992,OK,DEMOCRAT,0.608201660123071
1992,OK,REPUBLICAN,0.39179833987692897
1992,OR,DEMOCRAT,0.6017604073336964
1992,OR,REPUBLICAN,0.3982395926663037
1992,PA,DEMOCRAT,0.5332680859050756
1992,PA,REPUBLICAN,0.5433953183901782
1992,RI,DEMOCRAT,0.502068310896356
1992,RI,REPUBLICAN,0.4979316891036441
1992,SC,DEMOCRAT,0.4690912411422623
1992,SC,REPUBLICAN,0.5309087588577376
1992,SD,DEMOCRAT,0.7202178778819515
1992,SD,REPUBLICAN,0.2797821221180485
1992,TN,DEMOCRAT,0.5443484266004744
1992,TN,REPUBLICAN,0.45565157339952556
1992,TX,DEMOCRAT,0.5591769620153418
1992,TX,REPUBLICAN,0.4922810036269673
1992,UT,DEMOCRAT,0.4786608338133273
1992,UT,REPUBLICAN,0.5213391661866728
1992,VA,DEMOCRAT,0.5242239855743788
1992,VA,REPUBLICAN,0.4757760144256213
1992,VT,DEMOCRAT,0.6518738107160741
1992,VT,REPUBLICAN,0.3481261892839259
1992,WA,DEMOCRAT,0.5719505666580966
1992,WA,REPUBLICAN,0.4280494333419034
1992,WI,DEMOCRAT,0.49443603207289105
1992,WI,REPUBLICAN,0.505563967927109
1992,WV,DEMOCRAT,0.788457738045731
1992,WV,REPUBLICAN,0.3173133929314034
1992,WY,DEMOCRAT,0.4046941975953999
1992,WY,REPUBLICAN,0.5953058024046001
1994,AK,DEMOCRAT,0.36512433787337517
1994,AK,REPUBLICAN,0.6348756621266248
1994,AL,DEMOCRAT,0.5301090473115634
1994,AL,REPUBLICAN,0.5482061114698428
1994,AR,DEMOCRAT,0.47815646169922216
1994,AR,REPUBLICAN,0.5218435383007778
1994,AZ,DEMOCRAT,0.4115428062082797
1994,AZ,REPUBLICAN,0.5884571937917203
1994,CA,DEMOCRAT,0.512949432682055
1994,CA,REPUBLICAN,0.487050567317945
1994,CO,DEMOCRAT,0.4069455274598015
1994,CO,REPUBLICAN,0.660878727116832
1994,CT,DEMOCRAT,0.48669230475608044
1994,CT,REPUBLICAN,0.5133076952439195
1994,DE,DEMOCRAT,0.272971149690626
1994,DE,REPUBLICAN,0.727028850309374
1994,FL,DEMOCRAT,0.5570624205941044
1994,FL,REPUBLICAN,0.723863148175359
1994,GA,DEMOCRAT,0.4680447661710478
1994,GA,REPUBLICAN,0.5319552338289522
1994,HI,DEMOCRAT,0.648279959069695
1994,HI,REPUBLICAN,0.35172004093030484
1994,IA,DEMOCRAT,0.41944595106434457
1994,IA,REPUBLICAN,0.5805540489356554
1994,ID,DEMOCRAT,0.34797390123598637
1994,ID,REPUBLICAN,0.6520260987640136
1994,IL,DEMOCRAT,0.5024371085367607
1994,IL,REPUBLICAN,0.5237504120665676
1994,IN,DEMOCRAT,0.44161253625130803
1994,IN,REPUBLICAN,0.558387463748692
1994,KS,DEMOCRAT,0.3685999655423392
1994,KS,REPUBLICAN,0.6314000344576608
1994,KY,DEMOCRAT,0.40776505120157047
1994,KY,REPUBLICAN,0.5922349487984296
1994,LA,DEMOCRAT,1.0
1994,LA,REPUBLICAN,1.0
1994,MA,DEMOCRAT,0.7254718433562406
1994,MA,REPUBLICAN,0.2745281566437594
1994,MD,DEMOCRAT,0.5245422435110759
1994,MD,REPUBLICAN,0.4754577564889241
1994,ME,DEMOCRAT,0.5048366783540079
1994,ME,REPUBLICAN,0.4951633216459921
1994,MI,DEMOCRAT,0.4901608071393102
1994,MI,REPUBLICAN,0.5098391928606898
1994,MN,DEMOCRAT,0.5137835420264619
1994,MN,REPUBLICAN,0.4862164579735381
1994,MO,DEMOCRAT,0.520547267822245
1994,MO,REPUBLICAN,0.47945273217775486
1994,MS,DEMOCRAT,0.5822428108252582
1994,MS,REPUBLICAN,0.41775718917474175
1994,MT,DEMOCRAT,0.5353919403162265
1994,MT,REPUBLICAN,0.4646080596837735
1994,NC,DEMOCRAT,0.47072254218881293
1994,NC,REPUBLICAN,0.5685043363269214
1994,ND,DEMOCRAT,0.5374167474096769
1994,ND,REPUBLICAN,0.46258325259032307
1994,NE,DEMOCRAT,0.36062505415127677
1994,NE,REPUBLICAN,0.6393749458487232
1994,NH,DEMOCRAT,0.3881595893460914
1994,NH,REPUBLICAN,0.6118404106539086
1994,NJ,DEMOCRAT,0.47373333101764076
1994,NJ,REPUBLICAN,0.5262666689823592
1994,NM,DEMOCRAT,0.4156190134227112
1994,NM,REPUBLICAN,0.5843809865772888
1994,NV,DEMOCRAT,0.4050392478710383
1994,NV,REPUBLICAN,0.5949607521289617
1994,NY,DEMOCRAT,0.5536220475230594
1994,NY,REPUBLICAN,0.4463779524769405
1994,OH,DEMOCRAT,0.47419513315782913
1994,OH,REPUBLICAN,0.6006777826039333
1994,OK,DEMOCRAT,0.42710304506422275
1994,OK,REPUBLICAN,0.5728969549357773
1994,OR,DEMOCRAT,0.5691500509792793
1994,OR,REPUBLICAN,0.43084994902072077
1994,PA,DEMOCRAT,0.5463907946295105
1994,PA,REPUBLICAN,0.5576836424427772
1994,RI,DEMOCRAT,0.6106665996349677
1994,RI,REPUBLICAN,0.3893334003650323
1994,SC,DEMOCRAT,0.430290306626567
1994,SC,REPUBLICAN,0.6414247444778608
1994,SD,DEMOCRAT,0.6202717814903927
1994,SD,REPUBLICAN,0.37972821850960725
1994,TN,DEMOCRAT,0.44007677058828465
1994,TN,REPUBLICAN,0.5599232294117154
1994,TX,DEMOCRAT,0.4952476720055192
1994,TX,REPUBLICAN,0.5377688394615154
1994,UT,DEMOCRAT,0.4634416086268214
1994,UT,REPUBLICAN,0.5365583913731786
1994,VA,DEMOCRAT,0.47086636537096843
1994,VA,REPUBLICAN,0.5719396678445742
1994,VT,DEMOCRAT,0.5171032961646858
1994,VT,REPUBLICAN,0.4828967038353143
1994,WA,DEMOCRAT,0.4901902683389669
1994,WA,REPUBLICAN,0.5098097316610332
1994,WI,DEMOCRAT,0.47095665910888734
1994,WI,REPUBLICAN,0.6337003762486432
1994,WV,DEMOCRAT,0.659653449628713
1994,WV,REPUBLICAN,0.340346550371287
1994,WY,DEMOCRAT,0.43689875328933175
1994,WY,REPUBLICAN,0.5631012467106682
1996,AK,DEMOCRAT,0.3800614428349438
1996,AK,REPUBLICAN,0.6199385571650562
1996,AL,DEMOCRAT,0.46427068794694754
1996,AL,REPUBLICAN,0.5357293120530524
1996,AR,DEMOCRAT,0.4652229992459589
1996,AR,REPUBLICAN,0.5347770007540411
1996,AZ,DEMOCRAT,0.418773552333176
1996,AZ,REPUBLICAN,0.581226447666824
1996,CA,DEMOCRAT,0.5440846572905307
1996,CA,REPUBLICAN,0.4559153427094694
1996,CO,DEMOCRAT,0.4263496489359413
1996,CO,REPUBLICAN,0.5736503510640588
1996,CT,DEMOCRAT,0.5683645027964922
1996,CT,REPUBLICAN,0.43163549720350786
1996,DE,DEMOCRAT,0.2830297293642668
1996,DE,REPUBLICAN,0.7169702706357332
1996,FL,DEMOCRAT,0.4743326978829421
1996,FL,REPUBLICAN,0.5875367844496155
1996,GA,DEMOCRAT,0.48367975813546576
1996,GA,REPUBLICAN,0.5679522660509877
1996,HI,DEMOCRAT,0.5910403961383673
1996,HI,REPUBLICAN,0.40895960386163266
1996,IA,DEMOCRAT,0.4492955742602483
1996,IA,REPUBLICAN,0.5507044257397518
1996,ID,DEMOCRAT,0.3938577157778799
1996,ID,REPUBLICAN,0.60614228422212
1996,IL,DEMOCRAT,0.5727770174103615
1996,IL,REPUBLICAN,0.42722298258963853
1996,IN,DEMOCRAT,0.4635328221562268
1996,IN,REPUBLICAN,0.5364671778437732
1996,KS,DEMOCRAT,0.41858694450760714
1996,KS,REPUBLICAN,0.5814130554923929
1996,KY,DEMOCRAT,0.45080834499013156
1996,KY,REPUBLICAN,0.6243263791748904
1996,LA,DEMOCRAT,0.8057449443546901
1996,LA,REPUBLICAN,0.9165530333871861
1996,MA,DEMOCRAT,0.6864950465536594
1996,MA,REPUBLICAN,0.31350495344634055
1996,MD,DEMOCRAT,0.5641937299681118
1996,MD,REPUBLICAN,0.43580627003188827
1996,ME,DEMOCRAT,0.6483515452971078
1996,ME,REPUBLICAN,0.3516484547028922
1996,MI,DEMOCRAT,0.5504486791827807
1996,MI,REPUBLICAN,0.44955132081721927
1996,MN,DEMOCRAT,0.5763354471218295
1996,MN,REPUBLICAN,0.4236645528781705
1996,MO,DEMOCRAT,0.554694371243709
1996,MO,REPUBLICAN,0.445305628756291
1996,MS,DEMOCRAT,0.45216913767368805
1996,MS,REPUBLICAN,0.547830862326312
1996,MT,DEMOCRAT,0.4515396218799403
1996,MT,REPUBLICAN,0.5484603781200598
1996,NC,DEMOCRAT,0.4685962738310033
1996,NC,REPUBLICAN,0.5314037261689967
1996,ND,DEMOCRAT,0.5602455544509646
1996,ND,REPUBLICAN,0.4397544455490355
1996,NE,DEMOCRAT,0.3129615507868435
1996,NE,REPUBLICAN,0.6870384492131564
1996,NH,DEMOCRAT,0.47242564482806326
1996,NH,REPUBLICAN,0.5275743551719367
1996,NJ,DEMOCRAT,0.5177241168997788
1996,NJ,REPUBLICAN,0.4822758831002212
1996,NM,DEMOCRAT,0.5081006648834828
1996,NM,REPUBLICAN,0.4918993351165171
1996,NV,DEMOCRAT,0.4203004569449349
1996,NV,REPUBLICAN,0.5796995430550651
1996,NY,DEMOCRAT,0.5602963092817013
1996,NY,REPUBLICAN,0.4397036907182986
1996,OH,DEMOCRAT,0.48217066006550374
1996,OH,REPUBLICAN,0.5178293399344963
1996,OK,DEMOCRAT,0.37513768729199654
1996,OK,REPUBLICAN,0.6248623127080034
1996,OR,DEMOCRAT,0.5697143463190003
1996,OR,REPUBLICAN,0.4302856536809997
1996,PA,DEMOCRAT,0.5292591121037671
1996,PA,REPUBLICAN,0.47074088789623303
1996,RI,DEMOCRAT,0.691256323161719
1996,RI,REPUBLICAN,0.308743676838281
1996,SC,DEMOCRAT,0.3418823695537611
1996,SC,REPUBLICAN,0.6581176304462388
1996,SD,DEMOCRAT,0.3907530888409492
1996,SD,REPUBLICAN,0.6092469111590508
1996,TN,DEMOCRAT,0.49293342096725046
1996,TN,REPUBLICAN,0.5070665790327495
1996,TX,DEMOCRAT,0.5218091825129947
1996,TX,REPUBLICAN,0.504281276612655
1996,UT,DEMOCRAT,0.40694042433504024
1996,UT,REPUBLICAN,0.5930595756649598
1996,VA,DEMOCRAT,0.5403730932496729
1996,VA,REPUBLICAN,0.5087517334093883
1996,VT,DEMOCRAT,0.6288718322388567
1996,VT,REPUBLICAN,0.3711281677611433
1996,WA,DEMOCRAT,0.5252577119259194
1996,WA,REPUBLICAN,0.47474228807408064
1996,WI,DEMOCRAT,0.4830429088080446
1996,WI,REPUBLICAN,0.5169570911919554
1996,WV,DEMOCRAT,0.8962887621420647
1996,WV,REPUBLICAN,0.31113371357380626
1996,WY,DEMOCRAT,0.4249484454314721
1996,WY,REPUBLICAN,0.575051554568528
1998,AK,DEMOCRAT,0.35605878990170947
1998,AK,REPUBLICAN,0.6439412100982905
1998,AL,DEMOCRAT,0.5233619299575283
1998,AL,REPUBLICAN,0.6433047367091383
1998,AR,DEMOCRAT,0.5492715558339494
1998,AR,REPUBLICAN,0.6009712588880675
1998,AZ,DEMOCRAT,0.4387476496405618
1998,AZ,REPUBLICAN,0.5612523503594382
1998,CA,DEMOCRAT,0.5692416794621251
1998,CA,REPUBLICAN,0.43920456211704895
1998,CO,DEMOCRAT,0.43673038163740596
1998,CO,REPUBLICAN,0.563269618362594
1998,CT,DEMOCRAT,0.5255855764552335
1998,CT,REPUBLICAN,0.4744144235447665
1998,DE,DEMOCRAT,0.32408311096317777
1998,DE,REPUBLICAN,0.6759168890368222
1998,FL,DEMOCRAT,0.7117994868425402
1998,FL,REPUBLICAN,0.8427892024851142
1998,GA,DEMOCRAT,0.47375584938986987
1998,GA,REPUBLICAN,0.655450291352822
1998,HI,DEMOCRAT,0.6848660499472561
1998,HI,REPUBLICAN,0.315133950052744
1998,IA,DEMOCRAT,0.36028922509901906
1998,IA,REPUBLICAN,0.6397107749009809
1998,ID,DEMOCRAT,0.45355933176448193
1998,ID,REPUBLICAN,0.5464406682355181
1998,IL,DEMOCRAT,0.5875809869793281
1998,IL,REPUBLICAN,0.5005561610675711
1998,IN,DEMOCRAT,0.4492100632155712
1998,IN,REPUBLICAN,0.5507899367844288
1998,KS,DEMOCRAT,0.3764992106961812
1998,KS,REPUBLICAN,0.6235007893038188
1998,KY,DEMOCRAT,0.4167515604136723
1998,KY,REPUBLICAN,0.5832484395863277
1998,LA,DEMOCRAT,0.8308557086459777
1998,LA,REPUBLICAN,0.9014865748124133
1998,MA,DEMOCRAT,0.7816540922681473
1998,MA,REPUBLICAN,0.21834590773185272
1998,MD,DEMOCRAT,0.5734069576081247
1998,MD,REPUBLICAN,0.4265930423918754
1998,ME,DEMOCRAT,0.6955896662919463
1998,ME,REPUBLICAN,0.30441033370805376
1998,MI,DEMOCRAT,0.5196660638140179
1998,MI,REPUBLICAN,0.480333936185982
1998,MN,DEMOCRAT,0.5666767920329715
1998,MN,REPUBLICAN,0.43332320796702845
1998,MO,DEMOCRAT,0.5236177610534913
1998,MO,REPUBLICAN,0.47638223894650866
1998,MS,DEMOCRAT,0.5050334841023034
1998,MS,REPUBLICAN,0.49496651589769664
1998,MT,DEMOCRAT,0.4555868422438441
1998,MT,REPUBLICAN,0.5444131577561558
1998,NC,DEMOCRAT,0.4528657235330875
1998,NC,REPUBLICAN,0.5471342764669125
1998,ND,DEMOCRAT,0.5776068037783753
1998,ND,REPUBLICAN,0.4223931962216248
1998,NE,DEMOCRAT,0.25364924430997454
1998,NE,REPUBLICAN,0.7463507556900254
1998,NH,DEMOCRAT,0.3943418716205985
1998,NH,REPUBLICAN,0.6056581283794014
1998,NJ,DEMOCRAT,0.5397282045338754
1998,NJ,REPUBLICAN,0.4602717954661246
1998,NM,DEMOCRAT,0.47858630440849453
1998,NM,REPUBLICAN,0.5214136955915055
1998,NV,DEMOCRAT,0.3060766045716517
1998,NV,REPUBLICAN,0.6939233954283484
1998,NY,DEMOCRAT,0.5490082185965721
1998,NY,REPUBLICAN,0.4509917814034279
1998,OH,DEMOCRAT,0.48649150011368497
1998,OH,REPUBLICAN,0.513508499886315
1998,OK,DEMOCRAT,0.36868767655747403
1998,OK,REPUBLICAN,0.631312323442526
1998,OR,DEMOCRAT,0.6127494648763553
1998,OR,REPUBLICAN,0.3872505351236447
1998,PA,DEMOCRAT,0.5465919919639696
1998,PA,REPUBLICAN,0.5307376076342288
1998,RI,DEMOCRAT,0.7254709788862129
1998,RI,REPUBLICAN,0.2745290211137871
1998,SC,DEMOCRAT,0.44861137708418275
1998,SC,REPUBLICAN,0.626157185763181
1998,SD,DEMOCRAT,0.24917050156618586
1998,SD,REPUBLICAN,0.7508294984338142
1998,TN,DEMOCRAT,0.5422649259308574
1998,TN,REPUBLICAN,0.5827350740691426
1998,TX,DEMOCRAT,0.5064356368429739
1998,TX,REPUBLICAN,0.4935643631570261
1998,UT,DEMOCRAT,0.31073822045390753
1998,UT,REPUBLICAN,0.6892617795460924
1998,VA,DEMOCRAT,0.5656329248349681
1998,VA,REPUBLICAN,0.5972547283519188
1998,VT,DEMOCRAT,0.658496787243595
1998,VT,REPUBLICAN,0.341503212756405
1998,WA,DEMOCRAT,0.5359469807204997
1998,WA,REPUBLICAN,0.46405301927950027
1998,WI,DEMOCRAT,0.4726959753195016
1998,WI,REPUBLICAN,0.5273040246804984
1998,WV,DEMOCRAT,0.8286837622799674
1998,WV,REPUBLICAN,0.1713162377200325
1998,WY,DEMOCRAT,0.4009792606165891
1998,WY,REPUBLICAN,0.5990207393834108
2000,AK,DEMOCRAT,0.19206380114632102
2000,AK,REPUBLICAN,0.807936198853679
2000,AL,DEMOCRAT,0.3807137809774105
2000,AL,REPUBLICAN,0.6192862190225894
2000,AR,DEMOCRAT,0.5624426661566376
2000,AR,REPUBLICAN,0.5781680003825218
2000,AZ,DEMOCRAT,0.42635519521954945
2000,AZ,REPUBLICAN,0.5736448047804505
2000,CA,DEMOCRAT,0.576858057824045
2000,CA,REPUBLICAN,0.42314194217595497
2000,CO,DEMOCRAT,0.37736350186154866
2000,CO,REPUBLICAN,0.6226364981384513
2000,CT,DEMOCRAT,0.5404915813461763
2000,CT,REPUBLICAN,0.4595084186538238
2000,DE,DEMOCRAT,0.31298311627228054
2000,DE,REPUBLICAN,0.6870168837277195
2000,FL,DEMOCRAT,0.5262216685728888
2000,FL,REPUBLICAN,0.6191327760531007
2000,GA,DEMOCRAT,0.43137164113906834
2000,GA,REPUBLICAN,0.607843962600847
2000,HI,DEMOCRAT,0.6691216816630885
2000,HI,REPUBLICAN,0.33087831833691145
2000,IA,DEMOCRAT,0.42644224897563276
2000,IA,REPUBLICAN,0.5735577510243672
2000,ID,DEMOCRAT,0.29719933845709445
2000,ID,REPUBLICAN,0.7028006615429054
2000,IL,DEMOCRAT,0.5965886773073453
2000,IL,REPUBLICAN,0.42464349757121544
2000,IN,DEMOCRAT,0.4636770729217113
2000,IN,REPUBLICAN,0.5363229270782888
2000,KS,DEMOCRAT,0.34053882555849563
2000,KS,REPUBLICAN,0.6594611744415044
2000,KY,DEMOCRAT,0.4015181628180955
2000,KY,REPUBLICAN,0.5984818371819044
2000,LA,DEMOCRAT,0.4404213063890274
2000,LA,REPUBLICAN,0.6528418092128013
2000,MA,DEMOCRAT,0.7478864872661356
2000,MA,REPUBLICAN,0.2521135127338644
2000,MD,DEMOCRAT,0.5854817103759848
2000,MD,REPUBLICAN,0.41451828962401516
2000,ME,DEMOCRAT,0.6775311685393968
2000,ME,REPUBLICAN,0.32246883146060323
2000,MI,DEMOCRAT,0.5675677601795561
2000,MI,REPUBLICAN,0.4324322398204439
2000,MN,DEMOCRAT,0.5656030493962372
2000,MN,REPUBLICAN,0.4343969506037629
2000,MO,DEMOCRAT,0.5114759703981699
2000,MO,REPUBLICAN,0.48852402960183006
2000,MS,DEMOCRAT,0.5266054635950462
2000,MS,REPUBLICAN,0.47339453640495377
2000,MT,DEMOCRAT,0.4732840212362571
2000,MT,REPUBLICAN,0.5267159787637429
2000,NC,DEMOCRAT,0.43913269128039384
2000,NC,REPUBLICAN,0.5608673087196062
2000,ND,DEMOCRAT,0.5429596586501164
2000,ND,REPUBLICAN,0.45704034134988364
2000,NE,DEMOCRAT,0.2668863387943652
2000,NE,REPUBLICAN,0.7331136612056349
2000,NH,DEMOCRAT,0.4399522162118129
2000,NH,REPUBLICAN,0.5600477837881871
2000,NJ,DEMOCRAT,0.5567026320133687
2000,NJ,REPUBLICAN,0.44329736798663133
2000,NM,DEMOCRAT,0.5175930157336642
2000,NM,REPUBLICAN,0.4824069842663359
2000,NV,DEMOCRAT,0.4278683803708652
2000,NV,REPUBLICAN,0.5721316196291348
2000,NY,DEMOCRAT,0.5520062342217974
2000,NY,REPUBLICAN,0.4479937657782026
2000,OH,DEMOCRAT,0.4924851681017981
2000,OH,REPUBLICAN,0.507514831898202
2000,OK,DEMOCRAT,0.3278708204109089
2000,OK,REPUBLICAN,0.672129179589091
2000,OR,DEMOCRAT,0.5728617279545049
2000,OR,REPUBLICAN,0.4271382720454951
2000,PA,DEMOCRAT,0.5464736491615796
2000,PA,REPUBLICAN,0.5035263508384205
2000,RI,DEMOCRAT,0.7056351209652159
2000,RI,REPUBLICAN,0.2943648790347842
2000,SC,DEMOCRAT,0.4216161802654836
2000,SC,REPUBLICAN,0.5783838197345165
2000,SD,DEMOCRAT,0.2531350596630942
2000,SD,REPUBLICAN,0.7468649403369058
2000,TN,DEMOCRAT,0.5240672635071801
2000,TN,REPUBLICAN,0.6009327364928199
2000,TX,DEMOCRAT,0.5324256073081794
2000,TX,REPUBLICAN,0.4675743926918205
2000,UT,DEMOCRAT,0.4157545083230811
2000,UT,REPUBLICAN,0.584245491676919
2000,VA,DEMOCRAT,0.5370944284628687
2000,VA,REPUBLICAN,0.6254506350412569
2000,VT,DEMOCRAT,0.8000200068484982
2000,VT,REPUBLICAN,0.19997999315150186
2000,WA,DEMOCRAT,0.5458718044490729
2000,WA,REPUBLICAN,0.4541281955509271
2000,WI,DEMOCRAT,0.48632607830304014
2000,WI,REPUBLICAN,0.5136739216969599
2000,WV,DEMOCRAT,0.7590884244046272
2000,WV,REPUBLICAN,0.24091157559537268
2000,WY,DEMOCRAT,0.2994676175142973
2000,WY,REPUBLICAN,0.7005323824857027
2002,AK,DEMOCRAT,0.1882731699849791
2002,AK,REPUBLICAN,0.8117268300150209
2002,AL,DEMOCRAT,0.43974366357690226
2002,AL,REPUBLICAN,0.5602563364230977
2002,AR,DEMOCRAT,0.7579950954733631
2002,AR,REPUBLICAN,0.5753382378599703
2002,AZ,DEMOCRAT,0.441850076341359
2002,AZ,REPUBLICAN,0.558149923658641
2002,CA,DEMOCRAT,0.5568548955395428
2002,CA,REPUBLICAN,0.44314510446045713
2002,CO,DEMOCRAT,0.4481617985778184
2002,CO,REPUBLICAN,0.5518382014221815
2002,CT,DEMOCRAT,0.5231644883782601
2002,CT,REPUBLICAN,0.47683551162174
2002,DE,DEMOCRAT,0.2704196510885753
2002,DE,REPUBLICAN,0.7295803489114248
2002,FL,DEMOCRAT,0.5167428176840674
2002,FL,REPUBLICAN,0.6665974384690296
2002,GA,DEMOCRAT,0.49851685215310776
2002,GA,REPUBLICAN,0.6379816158329734
2002,HI,DEMOCRAT,0.6646630563078413
2002,HI,REPUBLICAN,0.3353369436921587
2002,IA,DEMOCRAT,0.4510453162626404
2002,IA,REPUBLICAN,0.5489546837373596
2002,ID,DEMOCRAT,0.3490333759759192
2002,ID,REPUBLICAN,0.6509666240240808
2002,IL,DEMOCRAT,0.5638272429029981
2002,IL,REPUBLICAN,0.49172831265255745
2002,IN,DEMOCRAT,0.43716933079948117
2002,IN,REPUBLICAN,0.5628306692005188
2002,KS,DEMOCRAT,0.3420738065827373
2002,KS,REPUBLICAN,0.6579261934172627
2002,KY,DEMOCRAT,0.3545026445551129
2002,KY,REPUBLICAN,0.6454973554448871
2002,LA,DEMOCRAT,0.40971319211507184
2002,LA,REPUBLICAN,0.590286807884928
2002,MA,DEMOCRAT,0.7070496937449651
2002,MA,REPUBLICAN,0.29295030625503493
2002,MD,DEMOCRAT,0.5641273118767891
2002,MD,REPUBLICAN,0.4358726881232109
2002,ME,DEMOCRAT,0.5790667607303048
2002,ME,REPUBLICAN,0.42093323926969517
2002,MI,DEMOCRAT,0.525350096655187
2002,MI,REPUBLICAN,0.474649903344813
2002,MN,DEMOCRAT,0.5212530096863132
2002,MN,REPUBLICAN,0.47874699031368684
2002,MO,DEMOCRAT,0.46222020271389713
2002,MO,REPUBLICAN,0.5377797972861029
2002,MS,DEMOCRAT,0.4874092936415491
2002,MS,REPUBLICAN,0.5125907063584509
2002,MT,DEMOCRAT,0.3357800783661617
2002,MT,REPUBLICAN,0.6642199216338383
2002,NC,DEMOCRAT,0.45530920885146836
2002,NC,REPUBLICAN,0.5446907911485316
2002,ND,DEMOCRAT,0.5240574817123317
2002,ND,REPUBLICAN,0.47594251828766826
2002,NE,DEMOCRAT,0.18577142958072632
2002,NE,REPUBLICAN,0.8142285704192737
2002,NH,DEMOCRAT,0.4083715095096903
2002,NH,REPUBLICAN,0.5916284904903096
2002,NJ,DEMOCRAT,0.5612150069310243
2002,NJ,REPUBLICAN,0.43878499306897567
2002,NM,DEMOCRAT,0.6280016316706732
2002,NM,REPUBLICAN,0.55799755249399
2002,NV,DEMOCRAT,0.38928641831412963
2002,NV,REPUBLICAN,0.6107135816858703
2002,NY,DEMOCRAT,0.5137454527152515
2002,NY,REPUBLICAN,0.4862545472847485
2002,OH,DEMOCRAT,0.44976107341129534
2002,OH,REPUBLICAN,0.5752256528893321
2002,OK,DEMOCRAT,0.4441642337561446
2002,OK,REPUBLICAN,0.5558357662438553
2002,OR,DEMOCRAT,0.5649332236046305
2002,OR,REPUBLICAN,0.43506677639536956
2002,PA,DEMOCRAT,0.43661291857625295
2002,PA,REPUBLICAN,0.5946863637250663
2002,RI,DEMOCRAT,0.695089237059543
2002,RI,REPUBLICAN,0.3049107629404571
2002,SC,DEMOCRAT,0.39754091070818004
2002,SC,REPUBLICAN,0.6024590892918199
2002,SD,DEMOCRAT,0.46032064849178894
2002,SD,REPUBLICAN,0.5396793515082111
2002,TN,DEMOCRAT,0.529128511498768
2002,TN,REPUBLICAN,0.5296635453344284
2002,TX,DEMOCRAT,0.5007655137709459
2002,TX,REPUBLICAN,0.5508794330803355
2002,UT,DEMOCRAT,0.39376878110337343
2002,UT,REPUBLICAN,0.6062312188966266
2002,VA,DEMOCRAT,0.44453922146336067
2002,VA,REPUBLICAN,0.7443686228293115
2002,VT,DEMOCRAT,0.6655243852581387
2002,VT,REPUBLICAN,0.33447561474186127
2002,WA,DEMOCRAT,0.534930734510181
2002,WA,REPUBLICAN,0.465069265489819
2002,WI,DEMOCRAT,0.5027900713627316
2002,WI,REPUBLICAN,0.5600586875576099
2002,WV,DEMOCRAT,0.7005888236964561
2002,WV,REPUBLICAN,0.44911676445531573
2002,WY,DEMOCRAT,0.3743742550655542
2002,WY,REPUBLICAN,0.6256257449344458
2004,AK,DEMOCRAT,0.23930215134325164
2004,AK,REPUBLICAN,0.7606978486567484
2004,AL,DEMOCRAT,0.4622632939854407
2004,AL,REPUBLICAN,0.6037743194410509
2004,AR,DEMOCRAT,0.6596110371296379
2004,AR,REPUBLICAN,0.4538519504938161
2004,AZ,DEMOCRAT,0.4159380559907684
2004,AZ,REPUBLICAN,0.5840619440092316
2004,CA,DEMOCRAT,0.5866462434786033
2004,CA,REPUBLICAN,0.43258452575216605
2004,CO,DEMOCRAT,0.5056937297139025
2004,CO,REPUBLICAN,0.4943062702860975
2004,CT,DEMOCRAT,0.5593313556799703
2004,CT,REPUBLICAN,0.4406686443200297
2004,DE,DEMOCRAT,0.30059085454969375
2004,DE,REPUBLICAN,0.6994091454503062
2004,FL,DEMOCRAT,0.5291190879854544
2004,FL,REPUBLICAN,0.6865532495376625
2004,GA,DEMOCRAT,0.5977743260497154
2004,GA,REPUBLICAN,0.6927300968684147
2004,HI,DEMOCRAT,0.6386168355831299
2004,HI,REPUBLICAN,0.3613831644168701
2004,IA,DEMOCRAT,0.4296681658196032
2004,IA,REPUBLICAN,0.5703318341803968
2004,ID,DEMOCRAT,0.2985762785513746
2004,ID,REPUBLICAN,0.7014237214486254
2004,IL,DEMOCRAT,0.5651379839910226
2004,IL,REPUBLICAN,0.43486201600897745
2004,IN,DEMOCRAT,0.4246303724347588
2004,IN,REPUBLICAN,0.5753696275652412
2004,KS,DEMOCRAT,0.348649092683729
2004,KS,REPUBLICAN,0.651350907316271
2004,KY,DEMOCRAT,0.41468777767603127
2004,KY,REPUBLICAN,0.6544268519366406
2004,LA,DEMOCRAT,0.40920993805821687
2004,LA,REPUBLICAN,0.6492486245215284
2004,MA,DEMOCRAT,0.731845082183003
2004,MA,REPUBLICAN,0.26815491781699696
2004,MD,DEMOCRAT,0.6087901932817203
2004,MD,REPUBLICAN,0.3912098067182797
2004,ME,DEMOCRAT,0.5962820454085571
2004,ME,REPUBLICAN,0.4037179545914429
2004,MI,DEMOCRAT,0.5086996729829338
2004,MI,REPUBLICAN,0.4913003270170663
2004,MN,DEMOCRAT,0.5385497366300225
2004,MN,REPUBLICAN,0.46145026336997746
2004,MO,DEMOCRAT,0.45920785606451875
2004,MO,REPUBLICAN,0.5407921439354813
2004,MS,DEMOCRAT,0.39916904600512854
2004,MS,REPUBLICAN,0.6008309539948715
2004,MT,DEMOCRAT,0.33729921562631754
2004,MT,REPUBLICAN,0.6627007843736825
2004,NC,DEMOCRAT,0.49359996677733853
2004,NC,REPUBLICAN,0.5064000332226615
2004,ND,DEMOCRAT,0.5956295404968888
2004,ND,REPUBLICAN,0.4043704595031112
2004,NE,DEMOCRAT,0.30725114869320586
2004,NE,REPUBLICAN,0.6927488513067942
2004,NH,DEMOCRAT,0.38091196562933927
2004,NH,REPUBLICAN,0.6190880343706607
2004,NJ,DEMOCRAT,0.5640923828973144
2004,NJ,REPUBLICAN,0.43590761710268544
2004,NM,DEMOCRAT,0.5134785042004454
2004,NM,REPUBLICAN,0.48652149579955456
2004,NV,DEMOCRAT,0.4652524514729643
2004,NV,REPUBLICAN,0.5347475485270357
2004,NY,DEMOCRAT,0.6016641480647813
2004,NY,REPUBLICAN,0.39833585193521864
2004,OH,DEMOCRAT,0.5033004827773291
2004,OH,REPUBLICAN,0.5587869568755047
2004,OK,DEMOCRAT,0.3565228157187271
2004,OK,REPUBLICAN,0.6434771842812729
2004,OR,DEMOCRAT,0.555387362366497
2004,OR,REPUBLICAN,0.444612637633503
2004,PA,DEMOCRAT,0.5064750653562989
2004,PA,REPUBLICAN,0.5515866916606071
2004,RI,DEMOCRAT,0.7115442292961619
2004,RI,REPUBLICAN,0.28845577070383804
2004,SC,DEMOCRAT,0.41088004810661866
2004,SC,REPUBLICAN,0.6575999599111512
2004,SD,DEMOCRAT,0.5375187503232814
2004,SD,REPUBLICAN,0.46248124967671855
2004,TN,DEMOCRAT,0.5310889725430171
2004,TN,REPUBLICAN,0.5279209132950959
2004,TX,DEMOCRAT,0.45657411259919856
2004,TX,REPUBLICAN,0.5576938284195264
2004,UT,DEMOCRAT,0.3993841911738644
2004,UT,REPUBLICAN,0.6006158088261356
2004,VA,DEMOCRAT,0.42795491991773715
2004,VA,REPUBLICAN,0.6109500728020572
2004,VT,DEMOCRAT,0.7347890517595387
2004,VT,REPUBLICAN,0.2652109482404614
2004,WA,DEMOCRAT,0.5895874974192883
2004,WA,REPUBLICAN,0.4104125025807117
2004,WI,DEMOCRAT,0.5093488022737186
2004,WI,REPUBLICAN,0.4906511977262814
2004,WV,DEMOCRAT,0.5826294838722123
2004,WV,REPUBLICAN,0.4173705161277878
2004,WY,DEMOCRAT,0.430808803253826
2004,WY,REPUBLICAN,0.569191196746174
2006,AK,DEMOCRAT,0.4142536911685538
2006,AK,REPUBLICAN,0.5857463088314462
2006,AL,DEMOCRAT,0.5522041619085005
2006,AL,REPUBLICAN,0.7373550057097994
2006,AR,DEMOCRAT,0.6057296864604274
2006,AR,REPUBLICAN,0.39427031353957265
2006,AZ,DEMOCRAT,0.4960528080584769
2006,AZ,REPUBLICAN,0.5039471919415232
2006,CA,DEMOCRAT,0.623174110212277
2006,CA,REPUBLICAN,0.41189892537923195
2006,CO,DEMOCRAT,0.5704074440909629
2006,CO,REPUBLICAN,0.42959255590903705
2006,CT,DEMOCRAT,0.6128859989346399
2006,CT,REPUBLICAN,0.3871140010653601
2006,DE,DEMOCRAT,0.40405943792397975
2006,DE,REPUBLICAN,0.5959405620760202
2006,FL,DEMOCRAT,0.5592925478087487
2006,FL,REPUBLICAN,0.5798782265674359
2006,GA,DEMOCRAT,0.47600758354201983
2006,GA,REPUBLICAN,0.5676584511628119
2006,HI,DEMOCRAT,0.6519536648512013
2006,HI,REPUBLICAN,0.3480463351487987
2006,IA,DEMOCRAT,0.4815853128534756
2006,IA,REPUBLICAN,0.5184146871465245
2006,ID,DEMOCRAT,0.41496673712509075
2006,ID,REPUBLICAN,0.5850332628749093
2006,IL,DEMOCRAT,0.607850946409445
2006,IL,REPUBLICAN,0.41393511212336365
2006,IN,DEMOCRAT,0.49913861592586894
2006,IN,REPUBLICAN,0.500861384074131
2006,KS,DEMOCRAT,0.4314054163172823
2006,KS,REPUBLICAN,0.5685945836827178
2006,KY,DEMOCRAT,0.4892986545322011
2006,KY,REPUBLICAN,0.5107013454677989
2006,LA,DEMOCRAT,0.3763380758051563
2006,LA,REPUBLICAN,0.6236619241948437
2006,MA,DEMOCRAT,0.7600603510764855
2006,MA,REPUBLICAN,0.23993964892351452
2006,MD,DEMOCRAT,0.6846757060079537
2006,MD,REPUBLICAN,0.36037062170519585
2006,ME,DEMOCRAT,0.6826645730359228
2006,ME,REPUBLICAN,0.31733542696407724
2006,MI,DEMOCRAT,0.5725049806782464
2006,MI,REPUBLICAN,0.458030377844736
2006,MN,DEMOCRAT,0.5658011601784686
2006,MN,REPUBLICAN,0.4341988398215314
2006,MO,DEMOCRAT,0.49704482097214
2006,MO,REPUBLICAN,0.50295517902786
2006,MS,DEMOCRAT,0.4882926820956246
2006,MS,REPUBLICAN,0.5117073179043754
2006,MT,DEMOCRAT,0.3992463069038288
2006,MT,REPUBLICAN,0.6007536930961712
2006,NC,DEMOCRAT,0.549028908767525
2006,NC,REPUBLICAN,0.4885520155018479
2006,ND,DEMOCRAT,0.6568024225603227
2006,ND,REPUBLICAN,0.3431975774396772
2006,NE,DEMOCRAT,0.4399642513970256
2006,NE,REPUBLICAN,0.5600357486029743
2006,NH,DEMOCRAT,0.5246424840537569
2006,NH,REPUBLICAN,0.4753575159462431
2006,NJ,DEMOCRAT,0.6156631016738738
2006,NJ,REPUBLICAN,0.4542163343854218
2006,NM,DEMOCRAT,0.5498903520631252
2006,NM,REPUBLICAN,0.45010964793687486
2006,NV,DEMOCRAT,0.5456188895356615
2006,NV,REPUBLICAN,0.4543811104643385
2006,NY,DEMOCRAT,0.6606399037652149
2006,NY,REPUBLICAN,0.3393600962347852
2006,OH,DEMOCRAT,0.5339220907332725
2006,OH,REPUBLICAN,0.4660779092667276
2006,OK,DEMOCRAT,0.42302172271625826
2006,OK,REPUBLICAN,0.5769782772837417
2006,OR,DEMOCRAT,0.5805057106025149
2006,OR,REPUBLICAN,0.4194942893974852
2006,PA,DEMOCRAT,0.5744641527015416
2006,PA,REPUBLICAN,0.4491767277039283
2006,RI,DEMOCRAT,0.7377712343506844
2006,RI,REPUBLICAN,0.26222876564931563
2006,SC,DEMOCRAT,0.4477577549137228
2006,SC,REPUBLICAN,0.5522422450862772
2006,SD,DEMOCRAT,0.701935845424753
2006,SD,REPUBLICAN,0.298064154575247
2006,TN,DEMOCRAT,0.5319414320007186
2006,TN,REPUBLICAN,0.46805856799928136
2006,TX,DEMOCRAT,0.49571386842566195
2006,TX,REPUBLICAN,0.5413231686113751
2006,UT,DEMOCRAT,0.436957942290044
2006,UT,REPUBLICAN,0.563042057709956
2006,VA,DEMOCRAT,0.48183041302493074
2006,VA,REPUBLICAN,0.5699865456725762
2006,VT,DEMOCRAT,0.5443703813298655
2006,VT,REPUBLICAN,0.45562961867013446
2006,WA,DEMOCRAT,0.6077849194988993
2006,WA,REPUBLICAN,0.3922150805011006
2006,WI,DEMOCRAT,0.5545288120523212
2006,WI,REPUBLICAN,0.5147872894542189
2006,WV,DEMOCRAT,0.5883751351453381
2006,WV,REPUBLICAN,0.4116248648546619
2006,WY,DEMOCRAT,0.4972745879564796
2006,WY,REPUBLICAN,0.5027254120435204
2008,AK,DEMOCRAT,0.4728373891787369
2008,AK,REPUBLICAN,0.527162610821263
2008,AL,DEMOCRAT,0.5463105693431871
2008,AL,REPUBLICAN,0.7114078588806775
2008,AR,DEMOCRAT,0.7109333437170392
2008,AR,REPUBLICAN,0.385422208377281
2008,AZ,DEMOCRAT,0.5383090423996475
2008,AZ,REPUBLICAN,0.46169095760035256
2008,CA,DEMOCRAT,0.6661929737494932
2008,CA,REPUBLICAN,0.39633663205783015
2008,CO,DEMOCRAT,0.5697685527130348
2008,CO,REPUBLICAN,0.4302314472869653
2008,CT,DEMOCRAT,0.6645459470420568
2008,CT,REPUBLICAN,0.33545405295794317
2008,DE,DEMOCRAT,0.3834645731150048
2008,DE,REPUBLICAN,0.6165354268849952
2008,FL,DEMOCRAT,0.5252462064811398
2008,FL,REPUBLICAN,0.5160367320857175
2008,GA,DEMOCRAT,0.5339038681332933
2008,GA,REPUBLICAN,0.5508408831151989
2008,HI,DEMOCRAT,0.7952221438747978
2008,HI,REPUBLICAN,0.20477785612520216
2008,IA,DEMOCRAT,0.5186661132375859
2008,IA,REPUBLICAN,0.48133388676241406
2008,ID,DEMOCRAT,0.39781824650232045
2008,ID,REPUBLICAN,0.6021817534976796
2008,IL,DEMOCRAT,0.6400491184989551
2008,IL,REPUBLICAN,0.3799481526955474
2008,IN,DEMOCRAT,0.5354313299112277
2008,IN,REPUBLICAN,0.4645686700887723
2008,KS,DEMOCRAT,0.38553192464291935
2008,KS,REPUBLICAN,0.6144680753570807
2008,KY,DEMOCRAT,0.43326231747984106
2008,KY,REPUBLICAN,0.566737682520159
2008,LA,DEMOCRAT,0.5232797494546458
2008,LA,REPUBLICAN,0.6433869172120208
2008,MA,DEMOCRAT,0.7455064384521284
2008,MA,REPUBLICAN,0.2544935615478716
2008,MD,DEMOCRAT,0.6947738402371895
2008,MD,REPUBLICAN,0.30522615976281053
2008,ME,DEMOCRAT,0.6116716719770474
2008,ME,REPUBLICAN,0.38832832802295264
2008,MI,DEMOCRAT,0.558754786023186
2008,MI,REPUBLICAN,0.4412452139768141
2008,MN,DEMOCRAT,0.6090075180774701
2008,MN,REPUBLICAN,0.39099248192252994
2008,MO,DEMOCRAT,0.5168037802376043
2008,MO,REPUBLICAN,0.48319621976239563
2008,MS,DEMOCRAT,0.5910767205620472
2008,MS,REPUBLICAN,0.4089232794379528
2008,MT,DEMOCRAT,0.3357665805340224
2008,MT,REPUBLICAN,0.6642334194659776
2008,NC,DEMOCRAT,0.5496501531235741
2008,NC,REPUBLICAN,0.4503498468764259
2008,ND,DEMOCRAT,0.6197410539391334
2008,ND,REPUBLICAN,0.38025894606086663
2008,NE,DEMOCRAT,0.33612775012211066
2008,NE,REPUBLICAN,0.6638722498778894
2008,NH,DEMOCRAT,0.5534608509765637
2008,NH,REPUBLICAN,0.4465391490234363
2008,NJ,DEMOCRAT,0.5949983106315676
2008,NJ,REPUBLICAN,0.4050016893684324
2008,NM,DEMOCRAT,0.5889107051989897
2008,NM,REPUBLICAN,0.4110892948010103
2008,NV,DEMOCRAT,0.5592771011727119
2008,NV,REPUBLICAN,0.44072289882728816
2008,NY,DEMOCRAT,0.6464192105202652
2008,NY,REPUBLICAN,0.3535807894797348
2008,OH,DEMOCRAT,0.5309491016768533
2008,OH,REPUBLICAN,0.4690508983231467
2008,OK,DEMOCRAT,0.38868956549633515
2008,OK,REPUBLICAN,0.6113104345036648
2008,OR,DEMOCRAT,0.6610701635590368
2008,OR,REPUBLICAN,0.33892983644096325
2008,PA,DEMOCRAT,0.5617820043639883
2008,PA,REPUBLICAN,0.43821799563601166
2008,RI,DEMOCRAT,0.720138531922
2008,RI,REPUBLICAN,0.27986146807800005
2008,SC,DEMOCRAT,0.4958532107690701
2008,SC,REPUBLICAN,0.5041467892309299
2008,SD,DEMOCRAT,0.6755574435300667
2008,SD,REPUBLICAN,0.32444255646993325
2008,TN,DEMOCRAT,0.5535445693637836
2008,TN,REPUBLICAN,0.5022623594657435
2008,TX,DEMOCRAT,0.46673142841097287
2008,TX,REPUBLICAN,0.5478539287268701
2008,UT,DEMOCRAT,0.4228269508153497
2008,UT,REPUBLICAN,0.5771730491846503
2008,VA,DEMOCRAT,0.5683999686549579
2008,VA,REPUBLICAN,0.5275111494217182
2008,VT,DEMOCRAT,0.9179342660497868
2008,VT,REPUBLICAN,0.0820657339502132
2008,WA,DEMOCRAT,0.5877484379348188
2008,WA,REPUBLICAN,0.4122515620651812
2008,WI,DEMOCRAT,0.5362425226314141
2008,WI,REPUBLICAN,0.46375747736858586
2008,WV,DEMOCRAT,0.6994896924789084
2008,WV,REPUBLICAN,0.4507654612816374
2008,WY,DEMOCRAT,0.44855925580457306
2008,WY,REPUBLICAN,0.5514407441954269
2010,AK,DEMOCRAT,0.30675520771572
2010,AK,REPUBLICAN,0.69324479228428
2010,AL,DEMOCRAT,0.4418663478543358
2010,AL,REPUBLICAN,0.6843811801040458
2010,AR,DEMOCRAT,0.42972286141476607
2010,AR,REPUBLICAN,0.5702771385852339
2010,AZ,DEMOCRAT,0.4673733812965392
2010,AZ,REPUBLICAN,0.5326266187034607
2010,CA,DEMOCRAT,0.5911794384319743
2010,CA,REPUBLICAN,0.43112921962206247
2010,CO,DEMOCRAT,0.48781581204799274
2010,CO,REPUBLICAN,0.5121841879520073
2010,CT,DEMOCRAT,0.5919924895821638
2010,CT,REPUBLICAN,0.40800751041783617
2010,DE,DEMOCRAT,0.5804404903256016
2010,DE,REPUBLICAN,0.41955950967439837
2010,FL,DEMOCRAT,0.4294703620858776
2010,FL,REPUBLICAN,0.5877084523975575
2010,GA,DEMOCRAT,0.4976079678847139
2010,GA,REPUBLICAN,0.6172246400886816
2010,HI,DEMOCRAT,0.63629612096304
2010,HI,REPUBLICAN,0.3637038790369601
2010,IA,DEMOCRAT,0.4431067449695133
2010,IA,REPUBLICAN,0.5568932550304867
2010,ID,DEMOCRAT,0.35451428257219686
2010,ID,REPUBLICAN,0.6454857174278033
2010,IL,DEMOCRAT,0.5496400662151846
2010,IL,REPUBLICAN,0.4503599337848154
2010,IN,DEMOCRAT,0.42023778130553074
2010,IN,REPUBLICAN,0.5797622186944693
2010,KS,DEMOCRAT,0.33904702542273574
2010,KS,REPUBLICAN,0.6609529745772642
2010,KY,DEMOCRAT,0.3658471569374206
2010,KY,REPUBLICAN,0.6341528430625795
2010,LA,DEMOCRAT,0.352833616262014
2010,LA,REPUBLICAN,0.6975711860611309
2010,MA,DEMOCRAT,0.6379093578459692
2010,MA,REPUBLICAN,0.36209064215403075
2010,MD,DEMOCRAT,0.6342339999640054
2010,MD,REPUBLICAN,0.3657660000359945
2010,ME,DEMOCRAT,0.559773305839711
2010,ME,REPUBLICAN,0.440226694160289
2010,MI,DEMOCRAT,0.4787020890357518
2010,MI,REPUBLICAN,0.5212979109642482
2010,MN,DEMOCRAT,0.5204026868376325
2010,MN,REPUBLICAN,0.4795973131623676
2010,MO,DEMOCRAT,0.4162121375328762
2010,MO,REPUBLICAN,0.5837878624671238
2010,MS,DEMOCRAT,0.45840031910386325
2010,MS,REPUBLICAN,0.5415996808961367
2010,MT,DEMOCRAT,0.35905785367289855
2010,MT,REPUBLICAN,0.6409421463271014
2010,NC,DEMOCRAT,0.45749068808198273
2010,NC,REPUBLICAN,0.5425093119180173
2010,ND,DEMOCRAT,0.45079206580238973
2010,ND,REPUBLICAN,0.5492079341976103
2010,NE,DEMOCRAT,0.2941804224376671
2010,NE,REPUBLICAN,0.7058195775623329
2010,NH,DEMOCRAT,0.465739287700654
2010,NH,REPUBLICAN,0.534260712299346
2010,NJ,DEMOCRAT,0.5205191001701636
2010,NJ,REPUBLICAN,0.47948089982983644
2010,NM,DEMOCRAT,0.5112819900164892
2010,NM,REPUBLICAN,0.4887180099835107
2010,NV,DEMOCRAT,0.4910937005062655
2010,NV,REPUBLICAN,0.5089062994937344
2010,NY,DEMOCRAT,0.6179682308363307
2010,NY,REPUBLICAN,0.3820317691636693
2010,OH,DEMOCRAT,0.44747345275569245
2010,OH,REPUBLICAN,0.5525265472443075
2010,OK,DEMOCRAT,0.34327293848808216
2010,OK,REPUBLICAN,0.7253816492095343
2010,OR,DEMOCRAT,0.5297377463120265
2010,OR,REPUBLICAN,0.47026225368797353
2010,PA,DEMOCRAT,0.4904612841457992
2010,PA,REPUBLICAN,0.5378464222905452
2010,RI,DEMOCRAT,0.5925989244885534
2010,RI,REPUBLICAN,0.4074010755114466
2010,SC,DEMOCRAT,0.4192416267262276
2010,SC,REPUBLICAN,0.5807583732737723
2010,SD,DEMOCRAT,0.48815486260040225
2010,SD,REPUBLICAN,0.5118451373995977
2010,TN,DEMOCRAT,0.37049237291688925
2010,TN,REPUBLICAN,0.6295076270831107
2010,TX,DEMOCRAT,0.37028520323441744
2010,TX,REPUBLICAN,0.6297147967655826
2010,UT,DEMOCRAT,0.34022585297783364
2010,UT,REPUBLICAN,0.6597741470221664
2010,VA,DEMOCRAT,0.4398313425730765
2010,VA,REPUBLICAN,0.5601686574269235
2010,VT,DEMOCRAT,0.6684027099635865
2010,VT,REPUBLICAN,0.33159729003641353
2010,WA,DEMOCRAT,0.5203019858419249
2010,WA,REPUBLICAN,0.47969801415807517
2010,WI,DEMOCRAT,0.4539712473979189
2010,WI,REPUBLICAN,0.5460287526020811
2010,WV,DEMOCRAT,0.4529648663077384
2010,WV,REPUBLICAN,0.5470351336922616
2010,WY,DEMOCRAT,0.2579510677510441
2010,WY,REPUBLICAN,0.742048932248956
2012,AK,DEMOCRAT,0.309171845814863
2012,AK,REPUBLICAN,0.690828154185137
2012,AL,DEMOCRAT,0.39624106893509303
2012,AL,REPUBLICAN,0.6603647980556345
2012,AR,DEMOCRAT,0.3457194038316015
2012,AR,REPUBLICAN,0.6542805961683985
2012,AZ,DEMOCRAT,0.4787288598420278
2012,AZ,REPUBLICAN,0.5212711401579723
2012,CA,DEMOCRAT,0.6405794790072893
2012,CA,REPUBLICAN,0.43256269299209027
2012,CO,DEMOCRAT,0.4853352735859851
2012,CO,REPUBLICAN,0.5146647264140148
2012,CT,DEMOCRAT,0.6548237703565358
2012,CT,REPUBLICAN,0.34517622964346417
2012,DE,DEMOCRAT,0.6582554188943612
2012,DE,REPUBLICAN,0.3417445811056388
2012,FL,DEMOCRAT,0.49942805258852907
2012,FL,REPUBLICAN,0.5390334858730094
2012,GA,DEMOCRAT,0.4907586585105154
2012,GA,REPUBLICAN,0.6144039111703092
2012,HI,DEMOCRAT,0.6757767258058176
2012,HI,REPUBLICAN,0.3242232741941823
2012,IA,DEMOCRAT,0.5145502531121057
2012,IA,REPUBLICAN,0.48544974688789433
2012,ID,DEMOCRAT,0.3382849322824154
2012,ID,REPUBLICAN,0.6617150677175846
2012,IL,DEMOCRAT,0.5678499097876036
2012,IL,REPUBLICAN,0.43215009021239636
2012,IN,DEMOCRAT,0.4595328405058256
2012,IN,REPUBLICAN,0.5404671594941745
2012,KS,DEMOCRAT,0.35221095331932645
2012,KS,REPUBLICAN,0.7358417850105052
2012,KY,DEMOCRAT,0.3907648149935083
2012,KY,REPUBLICAN,0.6092351850064918
2012,LA,DEMOCRAT,0.2965892461283198
2012,LA,REPUBLICAN,0.7034107538716802
2012,MA,DEMOCRAT,0.703564681303649
2012,MA,REPUBLICAN,0.296435318696351
2012,MD,DEMOCRAT,0.6576477981448354
2012,MD,REPUBLICAN,0.3423522018551646
2012,ME,DEMOCRAT,0.6149281151865095
2012,ME,REPUBLICAN,0.38507188481349053
2012,MI,DEMOCRAT,0.5300367836003155
2012,MI,REPUBLICAN,0.4699632163996844
2012,MN,DEMOCRAT,0.5671579364192786
2012,MN,REPUBLICAN,0.4328420635807214
2012,MO,DEMOCRAT,0.4304105126751613
2012,MO,REPUBLICAN,0.5695894873248387
2012,MS,DEMOCRAT,0.3934170632624424
2012,MS,REPUBLICAN,0.6065829367375576
2012,MT,DEMOCRAT,0.44512572571659426
2012,MT,REPUBLICAN,0.5548742742834057
2012,NC,DEMOCRAT,0.5104558791262632
2012,NC,REPUBLICAN,0.48954412087373683
2012,ND,DEMOCRAT,0.4317166194693163
2012,ND,REPUBLICAN,0.5682833805306837
2012,NE,DEMOCRAT,0.35580739065624023
2012,NE,REPUBLICAN,0.6441926093437598
2012,NH,DEMOCRAT,0.5224762914443205
2012,NH,REPUBLICAN,0.47752370855567944
2012,NJ,DEMOCRAT,0.5796985855854986
2012,NJ,REPUBLICAN,0.4203014144145014
2012,NM,DEMOCRAT,0.5439436016245444
2012,NM,REPUBLICAN,0.4560563983754557
2012,NV,DEMOCRAT,0.5144407828710056
2012,NV,REPUBLICAN,0.4855592171289944
2012,NY,DEMOCRAT,0.6525223283750902
2012,NY,REPUBLICAN,0.34747767162490995
2012,OH,DEMOCRAT,0.5163426448423192
2012,OH,REPUBLICAN,0.5503240218243476
2012,OK,DEMOCRAT,0.32460343601657127
2012,OK,REPUBLICAN,0.6753965639834287
2012,OR,DEMOCRAT,0.5787591535803813
2012,OR,REPUBLICAN,0.42124084641961873
2012,PA,DEMOCRAT,0.5046369495829428
2012,PA,REPUBLICAN,0.4953630504170572
2012,RI,DEMOCRAT,0.5890383910109718
2012,RI,REPUBLICAN,0.41096160898902817
2012,SC,DEMOCRAT,0.4789009037828909
2012,SC,REPUBLICAN,0.5895135110432363
2012,SD,DEMOCRAT,0.4255026575067302
2012,SD,REPUBLICAN,0.5744973424932698
2012,TN,DEMOCRAT,0.3735928347854195
2012,TN,REPUBLICAN,0.6264071652145805
2012,TX,DEMOCRAT,0.4462252490635122
2012,TX,REPUBLICAN,0.5661698967438076
2012,UT,DEMOCRAT,0.33554780143587604
2012,UT,REPUBLICAN,0.664452198564124
2012,VA,DEMOCRAT,0.4929111798778605
2012,VA,REPUBLICAN,0.5070888201221395
2012,VT,DEMOCRAT,0.7554057137063044
2012,VT,REPUBLICAN,0.24459428629369565
2012,WA,DEMOCRAT,0.535735036626311
2012,WA,REPUBLICAN,0.464264963373689
2012,WI,DEMOCRAT,0.5107036028362332
2012,WI,REPUBLICAN,0.4892963971637668
2012,WV,DEMOCRAT,0.4057729277729527
2012,WV,REPUBLICAN,0.5942270722270473
2012,WY,DEMOCRAT,0.2569936391027787
2012,WY,REPUBLICAN,0.7430063608972213
2014,AK,DEMOCRAT,0.44562047485360107
2014,AK,REPUBLICAN,0.554379525146399
2014,AL,DEMOCRAT,0.411872428671757
2014,AL,REPUBLICAN,0.7547942379949095
2014,AR,DEMOCRAT,0.36079312119635254
2014,AR,REPUBLICAN,0.6392068788036475
2014,AZ,DEMOCRAT,0.4612766943108282
2014,AZ,REPUBLICAN,0.5387233056891718
2014,CA,DEMOCRAT,0.6137832298150148
2014,CA,REPUBLICAN,0.4520219849882136
2014,CO,DEMOCRAT,0.47998508009756563
2014,CO,REPUBLICAN,0.5200149199024343
2014,CT,DEMOCRAT,0.6029427484108647
2014,CT,REPUBLICAN,0.39705725158913524
2014,DE,DEMOCRAT,0.617144116152646
2014,DE,REPUBLICAN,0.3828558838473541
2014,FL,DEMOCRAT,0.5007850694926795
2014,FL,REPUBLICAN,0.5992463332870277
2014,GA,DEMOCRAT,0.5648634543421137
2014,GA,REPUBLICAN,0.7592150415071693
2014,HI,DEMOCRAT,0.663906093927878
2014,HI,REPUBLICAN,0.336093906072122
2014,IA,DEMOCRAT,0.4604750558620486
2014,IA,REPUBLICAN,0.5395249441379514
2014,ID,DEMOCRAT,0.36814380798137264
2014,ID,REPUBLICAN,0.6318561920186274
2014,IL,DEMOCRAT,0.5328713988314598
2014,IL,REPUBLICAN,0.4671286011685402
2014,IN,DEMOCRAT,0.3959345524214609
2014,IN,REPUBLICAN,0.6040654475785391
2014,KS,DEMOCRAT,0.3642958994814603
2014,KS,REPUBLICAN,0.6357041005185398
2014,KY,DEMOCRAT,0.35968227240423617
2014,KY,REPUBLICAN,0.6403177275957638
2014,LA,DEMOCRAT,0.33730331065428704
2014,LA,REPUBLICAN,0.662696689345713
2014,MA,DEMOCRAT,0.6904951450942205
2014,MA,REPUBLICAN,0.30950485490577945
2014,MD,DEMOCRAT,0.5893660710575352
2014,MD,REPUBLICAN,0.4106339289424647
2014,ME,DEMOCRAT,0.567017095649099
2014,ME,REPUBLICAN,0.4329829043509009
2014,MI,DEMOCRAT,0.517070657366102
2014,MI,REPUBLICAN,0.48292934263389803
2014,MN,DEMOCRAT,0.522912367964509
2014,MN,REPUBLICAN,0.477087632035491
2014,MO,DEMOCRAT,0.38666686106315695
2014,MO,REPUBLICAN,0.613333138936843
2014,MS,DEMOCRAT,0.39488521176541347
2014,MS,REPUBLICAN,0.6051147882345865
2014,MT,DEMOCRAT,0.42174262042596883
2014,MT,REPUBLICAN,0.5782573795740311
2014,NC,DEMOCRAT,0.474605389631841
2014,NC,REPUBLICAN,0.561902717262916
2014,ND,DEMOCRAT,0.4092686223682297
2014,ND,REPUBLICAN,0.5907313776317703
2014,NE,DEMOCRAT,0.35853471113374963
2014,NE,REPUBLICAN,0.6414652888662503
2014,NH,DEMOCRAT,0.5160580907946297
2014,NH,REPUBLICAN,0.4839419092053703
2014,NJ,DEMOCRAT,0.5453354373410625
2014,NJ,REPUBLICAN,0.45466456265893757
2014,NM,DEMOCRAT,0.5188967181049612
2014,NM,REPUBLICAN,0.48110328189503876
2014,NV,DEMOCRAT,0.4391424850130129
2014,NV,REPUBLICAN,0.5608575149869871
2014,NY,DEMOCRAT,0.6076444188569473
2014,NY,REPUBLICAN,0.3923555811430528
2014,OH,DEMOCRAT,0.43213112035608675
2014,OH,REPUBLICAN,0.5948770746661687
2014,OK,DEMOCRAT,0.27719530999495284
2014,OK,REPUBLICAN,0.7782437520040377
2014,OR,DEMOCRAT,0.5730355121181506
2014,OR,REPUBLICAN,0.4269644878818494
2014,PA,DEMOCRAT,0.49811599588846456
2014,PA,REPUBLICAN,0.5900084744579157
2014,RI,DEMOCRAT,0.6100156530848027
2014,RI,REPUBLICAN,0.38998434691519734
2014,SC,DEMOCRAT,0.39125449450997524
2014,SC,REPUBLICAN,0.6646390047057356
2014,SD,DEMOCRAT,0.33470373010904064
2014,SD,REPUBLICAN,0.6652962698909594
2014,TN,DEMOCRAT,0.36186085895856784
2014,TN,REPUBLICAN,0.6381391410414321
2014,TX,DEMOCRAT,0.4296438401311597
2014,TX,REPUBLICAN,0.5822907109835946
2014,UT,DEMOCRAT,0.3403891588800367
2014,UT,REPUBLICAN,0.6596108411199633
2014,VA,DEMOCRAT,0.450950680494161
2014,VA,REPUBLICAN,0.6039542514564229
2014,VT,DEMOCRAT,0.6748458537813011
2014,VT,REPUBLICAN,0.32515414621869887
2014,WA,DEMOCRAT,0.5551244536019185
2014,WA,REPUBLICAN,0.5003879917582733
2014,WI,DEMOCRAT,0.4764628778722617
2014,WI,REPUBLICAN,0.5235371221277383
2014,WV,DEMOCRAT,0.42976106827302324
2014,WV,REPUBLICAN,0.5702389317269768
2014,WY,DEMOCRAT,0.25061488587320424
2014,WY,REPUBLICAN,0.7493851141267958
2016,AK,DEMOCRAT,0.4171968418718786
2016,AK,REPUBLICAN,0.5828031581281214
2016,AL,DEMOCRAT,0.4740181704914434
2016,AL,REPUBLICAN,0.7716515245904638
2016,AR,DEMOCRAT,0.27546555378558535
2016,AR,REPUBLICAN,0.7245344462144147
2016,AZ,DEMOCRAT,0.5184877350189727
2016,AZ,REPUBLICAN,0.48151226498102734
2016,CA,DEMOCRAT,0.6550853616354192
2016,CA,REPUBLICAN,0.3974016485504952
2016,CO,DEMOCRAT,0.4914560799052256
2016,CO,REPUBLICAN,0.5085439200947743
2016,CT,DEMOCRAT,0.6354153023763879
2016,CT,REPUBLICAN,0.3645846976236121
2016,DE,DEMOCRAT,0.5754616796639194
2016,DE,REPUBLICAN,0.42453832033608063
2016,FL,DEMOCRAT,0.4644828027197026
2016,FL,REPUBLICAN,0.5355171972802973
2016,GA,DEMOCRAT,0.5343281332320828
2016,GA,REPUBLICAN,0.6659014359753209
2016,HI,DEMOCRAT,0.7857107286095033
2016,HI,REPUBLICAN,0.2142892713904967
2016,IA,DEMOCRAT,0.4530211648426875
2016,IA,REPUBLICAN,0.5469788351573125
2016,ID,DEMOCRAT,0.3183379621805591
2016,ID,REPUBLICAN,0.6816620378194409
2016,IL,DEMOCRAT,0.6245829414426715
2016,IL,REPUBLICAN,0.47098076099513275
2016,IN,DEMOCRAT,0.42111608358271746
2016,IN,REPUBLICAN,0.5788839164172825
2016,KS,DEMOCRAT,0.3507318493411756
2016,KS,REPUBLICAN,0.6492681506588244
2016,KY,DEMOCRAT,0.3961192573378673
2016,KY,REPUBLICAN,0.7359204951080884
2016,LA,DEMOCRAT,0.3669718280545625
2016,LA,REPUBLICAN,0.8330281719454374
2016,MA,DEMOCRAT,0.7336331381905837
2016,MA,REPUBLICAN,0.26636686180941627
2016,MD,DEMOCRAT,0.6338207957277918
2016,MD,REPUBLICAN,0.3661792042722081
2016,ME,DEMOCRAT,0.5161457764089804
2016,ME,REPUBLICAN,0.4838542235910197
2016,MI,DEMOCRAT,0.5033703332451266
2016,MI,REPUBLICAN,0.49662966675487347
2016,MN,DEMOCRAT,0.5224356322645086
2016,MN,REPUBLICAN,0.4775643677354914
2016,MO,DEMOCRAT,0.3985559711795752
2016,MO,REPUBLICAN,0.6014440288204248
2016,MS,DEMOCRAT,0.40004474265472456
2016,MS,REPUBLICAN,0.5999552573452754
2016,MT,DEMOCRAT,0.41915049961630607
2016,MT,REPUBLICAN,0.5808495003836939
2016,NC,DEMOCRAT,0.4637097853372815
2016,NC,REPUBLICAN,0.5362902146627184
2016,ND,DEMOCRAT,0.25568700553828927
2016,ND,REPUBLICAN,0.7443129944617107
2016,NE,DEMOCRAT,0.39962916757053857
2016,NE,REPUBLICAN,0.7335805549529743
2016,NH,DEMOCRAT,0.5155044841087604
2016,NH,REPUBLICAN,0.4844955158912396
2016,NJ,DEMOCRAT,0.5679149656811826
2016,NJ,REPUBLICAN,0.4320850343188174
2016,NM,DEMOCRAT,0.5494157544746782
2016,NM,REPUBLICAN,0.4505842455253218
2016,NV,DEMOCRAT,0.5247040551621552
2016,NV,REPUBLICAN,0.4752959448378448
2016,NY,DEMOCRAT,0.636525183385397
2016,NY,REPUBLICAN,0.36347481661460296
2016,OH,DEMOCRAT,0.42496850119071694
2016,OH,REPUBLICAN,0.5750314988092831
2016,OK,DEMOCRAT,0.28223614042216355
2016,OK,REPUBLICAN,0.7742110876622691
2016,OR,DEMOCRAT,0.5628110550818219
2016,OR,REPUBLICAN,0.437188944918178
2016,PA,DEMOCRAT,0.513172875180084
2016,PA,REPUBLICAN,0.5758372939481562
2016,RI,DEMOCRAT,0.6510071025691551
2016,RI,REPUBLICAN,0.34899289743084483
2016,SC,DEMOCRAT,0.40697340841815194
2016,SC,REPUBLICAN,0.5930265915818481
2016,SD,DEMOCRAT,0.3589721412103045
2016,SD,REPUBLICAN,0.6410278587896955
2016,TN,DEMOCRAT,0.3600279561302615
2016,TN,REPUBLICAN,0.6399720438697386
2016,TX,DEMOCRAT,0.44236982824028304
2016,TX,REPUBLICAN,0.5699182225441694
2016,UT,DEMOCRAT,0.33525385551032316
2016,UT,REPUBLICAN,0.6647461444896768
2016,VA,DEMOCRAT,0.5147671652867015
2016,VA,REPUBLICAN,0.5337561181846283
2016,VT,DEMOCRAT,0.8999060662165106
2016,VT,REPUBLICAN,0.10009393378348944
2016,WA,DEMOCRAT,0.5899173718970884
2016,WA,REPUBLICAN,0.5211937392140228
2016,WI,DEMOCRAT,0.5400789083731511
2016,WI,REPUBLICAN,0.5256241047163989
2016,WV,DEMOCRAT,0.3298189747746842
2016,WV,REPUBLICAN,0.6701810252253159
2016,WY,DEMOCRAT,0.3257872061197883
2016,WY,REPUBLICAN,0.6742127938802117
2018,AK,DEMOCRAT,0.4669369132102869
2018,AK,REPUBLICAN,0.533063086789713
2018,AL,DEMOCRAT,0.4305761051710161
2018,AL,REPUBLICAN,0.6643278773004813
2018,AR,DEMOCRAT,0.35402765194041547
2018,AR,REPUBLICAN,0.6459723480595845
2018,AZ,DEMOCRAT,0.5335348453870874
2018,AZ,REPUBLICAN,0.46646515461291266
2018,CA,DEMOCRAT,0.6719201101690937
2018,CA,REPUBLICAN,0.3612030854241426
2018,CO,DEMOCRAT,0.5503112662894255
2018,CO,REPUBLICAN,0.44968873371057455
2018,CT,DEMOCRAT,0.6199038303554606
2018,CT,REPUBLICAN,0.3800961696445394
2018,DE,DEMOCRAT,0.6445396995495227
2018,DE,REPUBLICAN,0.3554603004504773
2018,FL,DEMOCRAT,0.56323567847623
2018,FL,REPUBLICAN,0.5127233339626865
2018,GA,DEMOCRAT,0.5012977563191516
2018,GA,REPUBLICAN,0.5756253206039252
2018,HI,DEMOCRAT,0.7668610451116618
2018,HI,REPUBLICAN,0.2331389548883383
2018,IA,DEMOCRAT,0.5207060651918716
2018,IA,REPUBLICAN,0.47929393480812843
2018,ID,DEMOCRAT,0.3611236442430965
2018,ID,REPUBLICAN,0.6388763557569035
2018,IL,DEMOCRAT,0.6226358236108684
2018,IL,REPUBLICAN,0.37736417638913156
2018,IN,DEMOCRAT,0.44738786133969594
2018,IN,REPUBLICAN,0.552612138660304
2018,KS,DEMOCRAT,0.44231601766530004
2018,KS,REPUBLICAN,0.5576839823347
2018,KY,DEMOCRAT,0.38542358511060315
2018,KY,REPUBLICAN,0.6145764148893968
2018,LA,DEMOCRAT,0.39889692339662847
2018,LA,REPUBLICAN,0.6011030766033715
2018,MA,DEMOCRAT,0.8166614831609113
2018,MA,REPUBLICAN,0.33000933031035984
2018,MD,DEMOCRAT,0.6729023206975784
2018,MD,REPUBLICAN,0.3270976793024217
2018,ME,DEMOCRAT,0.5746681398557583
2018,ME,REPUBLICAN,0.4253318601442418
2018,MI,DEMOCRAT,0.5499529666727433
2018,MI,REPUBLICAN,0.4500470333272567
2018,MN,DEMOCRAT,0.5543444270845611
2018,MN,REPUBLICAN,0.4456555729154389
2018,MO,DEMOCRAT,0.4383611449228554
2018,MO,REPUBLICAN,0.5616388550771446
2018,MS,DEMOCRAT,0.44382153348770526
2018,MS,REPUBLICAN,0.5561784665122947
2018,MT,DEMOCRAT,0.4761432405678188
2018,MT,REPUBLICAN,0.5238567594321811
2018,NC,DEMOCRAT,0.5140230816525223
2018,NC,REPUBLICAN,0.5255171553976717
2018,ND,DEMOCRAT,0.371420221143386
2018,ND,REPUBLICAN,0.628579778856614
2018,NE,DEMOCRAT,0.37308085009064396
2018,NE,REPUBLICAN,0.626919149909356
2018,NH,DEMOCRAT,0.5558647258104359
2018,NH,REPUBLICAN,0.44413527418956417
2018,NJ,DEMOCRAT,0.6288823638916755
2018,NJ,REPUBLICAN,0.37111763610832443
2018,NM,DEMOCRAT,0.5996171388319603
2018,NM,REPUBLICAN,0.4003828611680397
2018,NV,DEMOCRAT,0.5475469980061056
2018,NV,REPUBLICAN,0.4524530019938943
2018,NY,DEMOCRAT,0.7089381370303847
2018,NY,REPUBLICAN,0.3143468120071845
2018,OH,DEMOCRAT,0.4810921017253409
2018,OH,REPUBLICAN,0.5189078982746591
2018,OK,DEMOCRAT,0.36704420992532255
2018,OK,REPUBLICAN,0.6329557900746774
2018,OR,DEMOCRAT,0.6016747486872687
2018,OR,REPUBLICAN,0.39832525131273133
2018,PA,DEMOCRAT,0.5501688140344214
2018,PA,REPUBLICAN,0.4762918439635538
2018,RI,DEMOCRAT,0.6524428596560721
2018,RI,REPUBLICAN,0.3475571403439279
2018,SC,DEMOCRAT,0.4526726932280365
2018,SC,REPUBLICAN,0.5473273067719635
2018,SD,DEMOCRAT,0.3737401859791748
2018,SD,REPUBLICAN,0.6262598140208252
2018,TN,DEMOCRAT,0.40579158477279675
2018,TN,REPUBLICAN,0.5942084152272032
2018,TX,DEMOCRAT,0.5057572946800885
2018,TX,REPUBLICAN,0.49424270531991155
2018,UT,DEMOCRAT,0.3716054013948482
2018,UT,REPUBLICAN,0.6283945986051518
2018,VA,DEMOCRAT,0.5792238506119671
2018,VA,REPUBLICAN,0.46285376432683617
2018,VT,DEMOCRAT,0.7272730779318963
2018,VT,REPUBLICAN,0.2727269220681036
2018,WA,DEMOCRAT,0.621716041284473
2018,WA,REPUBLICAN,0.4203155096839189
2018,WI,DEMOCRAT,0.5486475450096057
2018,WI,REPUBLICAN,0.5158313771318792
2018,WV,DEMOCRAT,0.4112870848581531
2018,WV,REPUBLICAN,0.588712915141847
2018,WY,DEMOCRAT,0.3188602514558249
2018,WY,REPUBLICAN,0.6811397485441751
2020,AK,DEMOCRAT,0.4541595877061895
2020,AK,REPUBLICAN,0.5458404122938105
2020,AL,DEMOCRAT,0.44093620799248867
2020,AL,REPUBLICAN,0.7992198266729261
2020,AR,DEMOCRAT,0.3535323265874169
2020,AR,REPUBLICAN,0.7348507550594373
2020,AZ,DEMOCRAT,0.5213760731355568
2020,AZ,REPUBLICAN,0.47862392686444327
2020,CA,DEMOCRAT,0.6721728170432959
2020,CA,REPUBLICAN,0.37771392818924615
2020,CO,DEMOCRAT,0.5474366752297415
2020,CO,REPUBLICAN,0.45256332477025857
2020,CT,DEMOCRAT,0.6082988057434378
2020,CT,REPUBLICAN,0.3917011942565622
2020,DC,DEMOCRAT,0.9357395576781227
2020,DC,REPUBLICAN,0.0642604423218773
2020,DE,DEMOCRAT,0.5889437265317912
2020,DE,REPUBLICAN,0.41105627346820883
2020,FL,DEMOCRAT,0.483492400174941
2020,FL,REPUBLICAN,0.5344147257574642
2020,GA,DEMOCRAT,0.4895710878442913
2020,GA,REPUBLICAN,0.5104289121557086
2020,HI,DEMOCRAT,0.6956965385144837
2020,HI,REPUBLICAN,0.30430346148551635
2020,IA,DEMOCRAT,0.46825270964634336
2020,IA,REPUBLICAN,0.5317472903536566
2020,ID,DEMOCRAT,0.3141950768800332
2020,ID,REPUBLICAN,0.6858049231199668
2020,IL,DEMOCRAT,0.5865647147353462
2020,IL,REPUBLICAN,0.41343528526465373
2020,IN,DEMOCRAT,0.4087568514431712
2020,IN,REPUBLICAN,0.5912431485568288
2020,KS,DEMOCRAT,0.4069635592695807
2020,KS,REPUBLICAN,0.5930364407304193
2020,KY,DEMOCRAT,0.3417742546068015
2020,KY,REPUBLICAN,0.6582257453931984
2020,LA,DEMOCRAT,0.3628385954821682
2020,LA,REPUBLICAN,0.6371614045178319
2020,MA,DEMOCRAT,0.7208353619044793
2020,MA,REPUBLICAN,0.2791646380955208
2020,MD,DEMOCRAT,0.6539410771635086
2020,MD,REPUBLICAN,0.3460589228364915
2020,ME,DEMOCRAT,0.5760129068133714
2020,ME,REPUBLICAN,0.4239870931866287
2020,MI,DEMOCRAT,0.5169795080984682
2020,MI,REPUBLICAN,0.4830204919015318
2020,MN,DEMOCRAT,0.5148288139860133
2020,MN,REPUBLICAN,0.4851711860139867
2020,MO,DEMOCRAT,0.41050228814194795
2020,MO,REPUBLICAN,0.589497711858052
2020,MS,DEMOCRAT,0.4420061041675787
2020,MS,REPUBLICAN,0.668495421874316
2020,MT,DEMOCRAT,0.43613645016117797
2020,MT,REPUBLICAN,0.563863549838822
2020,NC,DEMOCRAT,0.5030170427699915
2020,NC,REPUBLICAN,0.5383982036658426
2020,ND,DEMOCRAT,0.28546120472379
2020,ND,REPUBLICAN,0.71453879527621
2020,NE,DEMOCRAT,0.3492814005383707
2020,NE,REPUBLICAN,0.6507185994616292
2020,NH,DEMOCRAT,0.5391985786114102
2020,NH,REPUBLICAN,0.4608014213885898
2020,NJ,DEMOCRAT,0.5969474921031978
2020,NJ,REPUBLICAN,0.4030525078968022
2020,NM,DEMOCRAT,0.5438099371813734
2020,NM,REPUBLICAN,0.4561900628186266
2020,NV,DEMOCRAT,0.5272845660212103
2020,NV,REPUBLICAN,0.4727154339787896
2020,NY,DEMOCRAT,0.6407288670683129
2020,NY,REPUBLICAN,0.35927113293168716
2020,OH,DEMOCRAT,0.43750802159959323
2020,OH,REPUBLICAN,0.5624919784004068
2020,OK,DEMOCRAT,0.3116503976074117
2020,OK,REPUBLICAN,0.6883496023925882
2020,OR,DEMOCRAT,0.5694255985073766
2020,OR,REPUBLICAN,0.43057440149262344
2020,PA,DEMOCRAT,0.4926312378698583
2020,PA,REPUBLICAN,0.5073687621301417
2020,RI,DEMOCRAT,0.6484531119727699
2020,RI,REPUBLICAN,0.3515468880272301
2020,SC,DEMOCRAT,0.43687472112099696
2020,SC,REPUBLICAN,0.5631252788790031
2020,SD,DEMOCRAT,0.19044985065320366
2020,SD,REPUBLICAN,0.8095501493467964
2020,TN,DEMOCRAT,0.42360858508986055
2020,TN,REPUBLICAN,0.5763914149101395
2020,TX,DEMOCRAT,0.47132546231314404
2020,TX,REPUBLICAN,0.528674537686856
2020,UT,DEMOCRAT,0.3656366280950603
2020,UT,REPUBLICAN,0.6343633719049397
2020,VA,DEMOCRAT,0.5613843159397658
2020,VA,REPUBLICAN,0.4896506218729401
2020,VT,DEMOCRAT,0.7136471073367657
2020,VT,REPUBLICAN,0.28635289266323427
2020,WA,DEMOCRAT,0.6063162964563259
2020,WA,REPUBLICAN,0.4374263372707491
2020,WI,DEMOCRAT,0.4925166824439987
2020,WI,REPUBLICAN,0.5074833175560013
2020,WV,DEMOCRAT,0.32203533534689754
2020,WV,REPUBLICAN,0.6779646646531025
2020,WY,DEMOCRAT,0.2638679708927184
2020,WY,REPUBLICAN,0.7361320291072816
2022,AK,DEMOCRAT,0.4983988027852302
2022,AK,REPUBLICAN,0.5016011972147698
2022,AL,DEMOCRAT,0.2800201057985805
2022,AL,REPUBLICAN,0.7199798942014194
2022,AR,DEMOCRAT,0.3104952027647956
2022,AR,REPUBLICAN,0.6895047972352044
2022,AZ,DEMOCRAT,0.4311472790717846
2022,AZ,REPUBLICAN,0.5688527209282154
2022,CA,DEMOCRAT,0.6423977777573201
2022,CA,REPUBLICAN,0.40424599036129033
2022,CO,DEMOCRAT,0.5657723542751765
2022,CO,REPUBLICAN,0.43422764572482353
2022,CT,DEMOCRAT,0.5777777806244916
2022,CT,REPUBLICAN,0.42222221937550836
2022,DE,DEMOCRAT,0.5635073290442396
2022,DE,REPUBLICAN,0.43649267095576044
2022,FL,DEMOCRAT,0.42795331217121535
2022,FL,REPUBLICAN,0.5873307346920423
2022,GA,DEMOCRAT,0.48210113803944626
2022,GA,REPUBLICAN,0.5178988619605537
2022,HI,DEMOCRAT,0.6874890221147113
2022,HI,REPUBLICAN,0.3125109778852887
2022,IA,DEMOCRAT,0.43310454312483176
2022,IA,REPUBLICAN,0.5668954568751683
2022,ID,DEMOCRAT,0.3168273047852459
2022,ID,REPUBLICAN,0.6831726952147541
2022,IL,DEMOCRAT,0.5864180457588479
2022,IL,REPUBLICAN,0.41358195424115207
2022,IN,DEMOCRAT,0.396216579929634
2022,IN,REPUBLICAN,0.603783420070366
2022,KS,DEMOCRAT,0.41895999420091373
2022,KS,REPUBLICAN,0.5810400057990863
2022,KY,DEMOCRAT,0.3338055817954591
2022,KY,REPUBLICAN,0.6661944182045408
2022,LA,DEMOCRAT,0.3212535581430197
2022,LA,REPUBLICAN,0.7322887015474836
2022,MA,DEMOCRAT,0.6807564615302549
2022,MA,REPUBLICAN,0.3192435384697451
2022,MD,DEMOCRAT,0.673330634068571
2022,MD,REPUBLICAN,0.32666936593142903
2022,ME,DEMOCRAT,0.5668724363742139
2022,ME,REPUBLICAN,0.4331275636257861
2022,MI,DEMOCRAT,0.5206417553983604
2022,MI,REPUBLICAN,0.47935824460163956
2022,MN,DEMOCRAT,0.5112992482315654
2022,MN,REPUBLICAN,0.4887007517684347
2022,MO,DEMOCRAT,0.4015718618616102
2022,MO,REPUBLICAN,0.5984281381383898
2022,MS,DEMOCRAT,0.35377230168692264
2022,MS,REPUBLICAN,0.6462276983130774
2022,MT,DEMOCRAT,0.38126709583035606
2022,MT,REPUBLICAN,0.6187329041696439
2022,NC,DEMOCRAT,0.4777802843324849
2022,NC,REPUBLICAN,0.5222197156675151
2022,ND,DEMOCRAT,0.3765874232806678
2022,ND,REPUBLICAN,0.6234125767193323
2022,NE,DEMOCRAT,0.3584696126388646
2022,NE,REPUBLICAN,0.6415303873611354
2022,NH,DEMOCRAT,0.5496586690096714
2022,NH,REPUBLICAN,0.4503413309903286
2022,NJ,DEMOCRAT,0.5739828169359847
2022,NJ,REPUBLICAN,0.4260171830640153
2022,NM,DEMOCRAT,0.5475942285047556
2022,NM,REPUBLICAN,0.4524057714952445
2022,NV,DEMOCRAT,0.49007832880168745
2022,NV,REPUBLICAN,0.5099216711983126
2022,NY,DEMOCRAT,0.5914598926591246
2022,NY,REPUBLICAN,0.4085401073408755
2022,OH,DEMOCRAT,0.4415435436034898
2022,OH,REPUBLICAN,0.5584564563965101
2022,OK,DEMOCRAT,0.31620765157393527
2022,OK,REPUBLICAN,0.6837923484260647
2022,OR,DEMOCRAT,0.5454986373005805
2022,OR,REPUBLICAN,0.4545013626994196
2022,PA,DEMOCRAT,0.5322785401488997
2022,PA,REPUBLICAN,0.5303424645745002
2022,RI,DEMOCRAT,0.5803134071864263
2022,RI,REPUBLICAN,0.4196865928135737
2022,SC,DEMOCRAT,0.4301843200903207
2022,SC,REPUBLICAN,0.692725485649771
2022,SD,DEMOCRAT,0.22578018002629324
2022,SD,REPUBLICAN,0.7742198199737068
2022,TN,DEMOCRAT,0.35855152406684787
2022,TN,REPUBLICAN,0.6414484759331521
2022,TX,DEMOCRAT,0.47015178183400963
2022,TX,REPUBLICAN,0.5793378794116757
2022,UT,DEMOCRAT,0.3384700637929212
2022,UT,REPUBLICAN,0.6615299362070788
2022,VA,DEMOCRAT,0.5234708470293238
2022,VA,REPUBLICAN,0.4765291529706763
2022,VT,DEMOCRAT,0.6924293129219941
2022,VT,REPUBLICAN,0.3075706870780059
2022,WA,DEMOCRAT,0.5745043282851531
2022,WA,REPUBLICAN,0.4254956717148469
2022,WI,DEMOCRAT,0.4185273034419476
2022,WI,REPUBLICAN,0.5814726965580523
2022,WV,DEMOCRAT,0.3229549829366859
2022,WV,REPUBLICAN,0.6770450170633141
2022,WY,DEMOCRAT,0.2632957382310984
2022,WY,REPUBLICAN,0.7367042617689016
